date,scenario,spend_mean,leads_mean,contracts_mean,premium_mean
2025-10-01,BASE,158.25,0.0,0.0,0.0
2025-10-02,BASE,151.37,37.0,0.0,0.0
2025-10-03,BASE,174.42000000000002,47.0,0.0,0.0
2025-10-04,BASE,126.00999999999999,64.0,1.0,948.22
2025-10-05,BASE,104.91,65.0,1.0,1499.89
2025-10-06,BASE,137.41,47.0,4.0,4904.38
2025-10-07,BASE,153.19,59.0,8.0,8978.98
2025-10-08,BASE,157.28,54.0,2.0,1347.02
2025-10-09,BASE,160.42,51.0,4.0,2993.37
2025-10-10,BASE,170.69,71.0,1.0,2015.36
2025-10-11,BASE,125.13,73.0,4.0,4172.6
2025-10-12,BASE,104.80000000000001,67.0,3.0,2981.67
2025-10-13,BASE,132.26,43.0,4.0,3976.52
2025-10-14,BASE,152.94,55.0,3.0,2932.5699999999997
2025-10-15,BASE,150.08,62.0,5.0,5435.2
2025-10-16,BASE,160.76,59.0,2.0,3225.71
2025-10-17,BASE,161.11,65.0,2.0,2762.56
2025-10-18,BASE,129.71,67.0,5.0,4049.59
2025-10-19,BASE,103.89,61.0,4.0,3365.87
2025-10-20,BASE,126.11,54.0,3.0,2680.1099999999997
2025-10-21,BASE,151.62,63.0,6.0,5318.71
2025-10-22,BASE,154.0,49.0,1.0,2488.24
2025-10-23,BASE,153.64,67.0,6.0,6633.04
2025-10-24,BASE,168.56,82.0,2.0,1517.0500000000002
2025-10-25,BASE,129.82999999999998,67.0,4.0,4913.01
2025-10-26,BASE,103.80000000000001,84.0,11.0,18251.73
2025-10-27,BASE,130.26,70.0,6.0,5700.82
2025-10-28,BASE,159.17,57.0,7.0,7476.26
2025-10-29,BASE,150.98000000000002,62.0,3.0,3722.53
2025-10-30,BASE,157.88,68.0,3.0,3262.42
2025-10-31,BASE,155.93,71.0,6.0,6390.400000000001
2025-11-01,BASE,131.95,64.0,6.0,8916.96
2025-11-02,BASE,104.42999999999999,69.0,2.0,3190.6
2025-11-03,BASE,134.56,47.0,4.0,5394.68
2025-11-04,BASE,142.46,60.0,4.0,3833.6800000000003
2025-11-05,BASE,162.05,59.0,4.0,4471.1
2025-11-06,BASE,165.35,65.0,10.0,12639.0
2025-11-07,BASE,165.61,58.0,5.0,7604.12
2025-11-08,BASE,133.47,80.0,4.0,3138.3500000000004
2025-11-09,BASE,103.14,57.0,7.0,7074.79
2025-11-10,BASE,138.11,63.0,2.0,2420.27
2025-11-11,BASE,142.09,65.0,5.0,5322.23
2025-11-12,BASE,155.74,65.0,1.0,1029.15
2025-11-13,BASE,164.0,56.0,4.0,3058.8
2025-11-14,BASE,161.88,63.0,3.0,2203.6099999999997
2025-11-15,BASE,134.06,69.0,1.0,665.93
2025-11-16,BASE,103.16,84.0,6.0,5467.75
2025-11-17,BASE,125.21,49.0,7.0,9309.93
2025-11-18,BASE,141.31,45.0,4.0,4444.69
2025-11-19,BASE,162.65,69.0,4.0,4149.4800000000005
2025-11-20,BASE,158.01,58.0,1.0,1056.81
2025-11-21,BASE,165.32,52.0,3.0,4664.64
2025-11-22,BASE,125.98,88.0,5.0,5132.13
2025-11-23,BASE,108.21,54.0,2.0,1140.98
2025-11-24,BASE,140.74,50.0,2.0,2268.7
2025-11-25,BASE,150.78,53.0,3.0,3067.57
2025-11-26,BASE,157.39000000000001,62.0,2.0,2806.79
2025-11-27,BASE,155.6,63.0,5.0,5475.55
2025-11-28,BASE,159.72,54.0,4.0,6473.46
2025-11-29,BASE,123.75,70.0,5.0,7410.969999999999
2025-11-30,BASE,107.3,53.0,3.0,6183.59
2025-12-01,BASE,151.51999999999998,57.0,4.0,5225.38
2025-12-02,BASE,177.4,62.0,5.0,4505.07
2025-12-03,BASE,171.92000000000002,54.0,6.0,5275.5199999999995
2025-12-04,BASE,184.26,76.0,3.0,5570.26
2025-12-05,BASE,175.09,64.0,1.0,1469.87
2025-12-06,BASE,141.73,85.0,5.0,7041.49
2025-12-07,BASE,115.21000000000001,71.0,3.0,2764.59
2025-12-08,BASE,145.38,49.0,3.0,2311.1000000000004
2025-12-09,BASE,154.98,53.0,3.0,4542.6900000000005
2025-12-10,BASE,179.53,67.0,1.0,741.56
2025-12-11,BASE,172.28,77.0,3.0,2250.4
2025-12-12,BASE,180.84,74.0,11.0,11455.92
2025-12-13,BASE,142.96,70.0,4.0,3307.9
2025-12-14,BASE,121.75999999999999,68.0,5.0,4103.4
2025-12-15,BASE,154.74,70.0,2.0,2518.53
2025-12-16,BASE,157.82999999999998,71.0,3.0,2141.08
2025-12-17,BASE,171.6,62.0,5.0,4852.88
2025-12-18,BASE,166.17,65.0,5.0,7119.5
2025-12-19,BASE,185.42,67.0,4.0,3179.09
2025-12-20,BASE,141.51,75.0,3.0,2838.18
2025-12-21,BASE,110.34,62.0,7.0,6963.17
2025-12-22,BASE,139.06,58.0,2.0,1880.88
2025-12-23,BASE,173.53,47.0,3.0,3223.2200000000003
2025-12-24,BASE,163.49,55.0,7.0,9016.68
2025-12-25,BASE,174.60000000000002,66.0,4.0,5505.34
2025-12-26,BASE,173.31,66.0,2.0,2915.84
2025-12-27,BASE,133.72,86.0,4.0,3268.43
2025-12-28,BASE,118.87,68.0,6.0,6178.219999999999
2025-12-29,BASE,149.03,51.0,5.0,5135.139999999999
2025-12-30,BASE,177.32,74.0,4.0,3268.1800000000003
2025-12-31,BASE,175.24,60.0,5.0,6859.66
2026-01-01,BASE,180.92000000000002,67.0,6.0,5312.32
2026-01-02,BASE,212.46,70.0,4.0,4443.67
2026-01-03,BASE,160.37,69.0,2.0,2096.46
2026-01-04,BASE,132.93,67.0,7.0,6081.21
2026-01-05,BASE,175.07,67.0,8.0,8525.31
2026-01-06,BASE,184.01,55.0,4.0,4181.15
2026-01-07,BASE,202.76,67.0,2.0,2957.59
2026-01-08,BASE,184.34,74.0,3.0,3162.91
2026-01-09,BASE,201.01,80.0,3.0,5121.360000000001
2026-01-10,BASE,163.03,67.0,2.0,4619.13
2026-01-11,BASE,127.24,67.0,8.0,7070.42
2026-01-12,BASE,175.13,68.0,3.0,4706.59
2026-01-13,BASE,186.9,73.0,8.0,10289.27
2026-01-14,BASE,203.23,60.0,3.0,3213.34
2026-01-15,BASE,190.29999999999998,69.0,5.0,3040.02
2026-01-16,BASE,200.16,69.0,5.0,5475.79
2026-01-17,BASE,151.49,69.0,4.0,4855.8099999999995
2026-01-18,BASE,131.64999999999998,69.0,3.0,3000.26
2026-01-19,BASE,178.87,59.0,2.0,1317.8899999999999
2026-01-20,BASE,175.11,71.0,3.0,4475.5
2026-01-21,BASE,196.31,60.0,4.0,4581.8099999999995
2026-01-22,BASE,199.92,77.0,4.0,2846.41
2026-01-23,BASE,197.26,76.0,5.0,6558.97
2026-01-24,BASE,160.36,74.0,7.0,9330.54
2026-01-25,BASE,119.8,70.0,2.0,1835.05
2026-01-26,BASE,174.06,69.0,1.0,1430.41
2026-01-27,BASE,180.55,65.0,4.0,4323.74
2026-01-28,BASE,194.02,75.0,6.0,5475.92
2026-01-29,BASE,197.9,74.0,7.0,12846.58
2026-01-30,BASE,206.53,72.0,4.0,4862.88
2026-01-31,BASE,153.01,69.0,2.0,1408.8600000000001
2026-02-01,BASE,98.52,74.0,4.0,5314.57
2026-02-02,BASE,126.64,63.0,3.0,3300.29
2026-02-03,BASE,137.2,59.0,8.0,7106.92
2026-02-04,BASE,153.13,50.0,4.0,3048.45
2026-02-05,BASE,148.04000000000002,64.0,5.0,4808.04
2026-02-06,BASE,158.52,50.0,1.0,1430.04
2026-02-07,BASE,118.43,65.0,4.0,2674.01
2026-02-08,BASE,104.46,55.0,4.0,3580.04
2026-02-09,BASE,130.56,58.0,3.0,2334.06
2026-02-10,BASE,134.21,49.0,1.0,613.69
2026-02-11,BASE,136.96,54.0,1.0,731.07
2026-02-12,BASE,148.26999999999998,73.0,4.0,3566.94
2026-02-13,BASE,165.24,67.0,2.0,1249.8000000000002
2026-02-14,BASE,125.03,47.0,7.0,7123.58
2026-02-15,BASE,100.97999999999999,60.0,1.0,1689.81
2026-02-16,BASE,124.02000000000001,62.0,5.0,6384.54
2026-02-17,BASE,130.41,41.0,5.0,6933.75
2026-02-18,BASE,151.42,63.0,2.0,1673.48
2026-02-19,BASE,146.12,62.0,2.0,1629.3
2026-02-20,BASE,155.33,61.0,5.0,5351.549999999999
2026-02-21,BASE,114.69,44.0,4.0,4264.08
2026-02-22,BASE,93.77,49.0,0.0,0.0
2026-02-23,BASE,130.2,41.0,3.0,2339.0200000000004
2026-02-24,BASE,145.06,59.0,2.0,1384.88
2026-02-25,BASE,146.0,67.0,1.0,1585.44
2026-02-26,BASE,147.6,62.0,2.0,2066.31
2026-02-27,BASE,162.77,62.0,2.0,1557.09
2026-02-28,BASE,125.45,68.0,3.0,2861.0699999999997
2025-10-01,OFF_google,115.22999999999999,0.0,0.0,0.0
2025-10-02,OFF_google,113.75,28.0,0.0,0.0
2025-10-03,OFF_google,127.32000000000002,36.0,0.0,0.0
2025-10-04,OFF_google,94.35,53.0,1.0,948.22
2025-10-05,OFF_google,77.32,48.0,1.0,1499.89
2025-10-06,OFF_google,102.41999999999999,36.0,4.0,4904.38
2025-10-07,OFF_google,106.34,44.0,6.0,5562.08
2025-10-08,OFF_google,111.49000000000001,43.0,2.0,1347.02
2025-10-09,OFF_google,115.91999999999999,39.0,2.0,1704.04
2025-10-10,OFF_google,125.91999999999999,53.0,1.0,2015.36
2025-10-11,OFF_google,90.34,50.0,4.0,4172.6
2025-10-12,OFF_google,78.23000000000002,51.0,3.0,2981.67
2025-10-13,OFF_google,101.10999999999999,32.0,3.0,3696.89
2025-10-14,OFF_google,110.4,40.0,2.0,1968.7699999999998
2025-10-15,OFF_google,112.37,45.0,4.0,4673.219999999999
2025-10-16,OFF_google,116.44,47.0,0.0,0.0
2025-10-17,OFF_google,115.50000000000001,52.0,2.0,2762.56
2025-10-18,OFF_google,94.39000000000001,49.0,3.0,2251.09
2025-10-19,OFF_google,74.4,43.0,4.0,3365.87
2025-10-20,OFF_google,94.28,39.0,3.0,2680.1099999999997
2025-10-21,OFF_google,112.83000000000001,49.0,4.0,3367.26
2025-10-22,OFF_google,112.69,31.0,1.0,2488.24
2025-10-23,OFF_google,110.17999999999998,53.0,4.0,4643.91
2025-10-24,OFF_google,126.42,60.0,2.0,1517.0500000000002
2025-10-25,OFF_google,98.60999999999999,48.0,4.0,4913.01
2025-10-26,OFF_google,75.00000000000001,59.0,7.0,9794.26
2025-10-27,OFF_google,95.38,50.0,5.0,4537.79
2025-10-28,OFF_google,122.41999999999999,43.0,5.0,5380.73
2025-10-29,OFF_google,107.59000000000002,42.0,3.0,3722.53
2025-10-30,OFF_google,117.28,52.0,2.0,2239.65
2025-10-31,OFF_google,112.49000000000001,54.0,5.0,5932.580000000001
2025-11-01,OFF_google,93.13999999999999,44.0,2.0,3940.1799999999994
2025-11-02,OFF_google,78.58999999999999,57.0,0.0,0.0
2025-11-03,OFF_google,101.16,35.0,2.0,4233.34
2025-11-04,OFF_google,104.56,41.0,4.0,3833.6800000000003
2025-11-05,OFF_google,119.47000000000001,47.0,4.0,4471.1
2025-11-06,OFF_google,118.96,48.0,6.0,6747.58
2025-11-07,OFF_google,116.20000000000002,42.0,3.0,4263.57
2025-11-08,OFF_google,94.78,64.0,3.0,2060.9300000000003
2025-11-09,OFF_google,77.14,46.0,5.0,4055.5
2025-11-10,OFF_google,101.14000000000001,47.0,2.0,2420.27
2025-11-11,OFF_google,102.25,41.0,4.0,4735.42
2025-11-12,OFF_google,110.66000000000001,44.0,0.0,0.0
2025-11-13,OFF_google,118.63,44.0,2.0,951.5700000000002
2025-11-14,OFF_google,118.66999999999999,46.0,1.0,823.5599999999997
2025-11-15,OFF_google,99.44,55.0,1.0,665.93
2025-11-16,OFF_google,78.44,67.0,3.0,2515.92
2025-11-17,OFF_google,91.09,41.0,5.0,6792.9800000000005
2025-11-18,OFF_google,104.12,34.0,3.0,3881.2
2025-11-19,OFF_google,124.98,46.0,4.0,4149.4800000000005
2025-11-20,OFF_google,117.25,48.0,0.0,0.0
2025-11-21,OFF_google,118.57999999999998,36.0,2.0,4297.5
2025-11-22,OFF_google,92.63,66.0,5.0,5132.13
2025-11-23,OFF_google,77.94,38.0,2.0,1140.98
2025-11-24,OFF_google,106.82000000000001,39.0,0.0,0.0
2025-11-25,OFF_google,109.55000000000001,34.0,2.0,1711.0900000000001
2025-11-26,OFF_google,113.78000000000002,44.0,2.0,2806.79
2025-11-27,OFF_google,115.17999999999999,48.0,3.0,3300.46
2025-11-28,OFF_google,116.61,35.0,2.0,2939.93
2025-11-29,OFF_google,89.27000000000001,57.0,4.0,5455.349999999999
2025-11-30,OFF_google,75.42999999999999,44.0,2.0,5358.07
2025-12-01,OFF_google,115.25999999999999,38.0,2.0,2206.56
2025-12-02,OFF_google,129.26,48.0,0.0,0.0
2025-12-03,OFF_google,126.82000000000002,41.0,5.0,4687.25
2025-12-04,OFF_google,135.17,61.0,2.0,4433.150000000001
2025-12-05,OFF_google,123.86000000000001,50.0,0.0,0.0
2025-12-06,OFF_google,99.80999999999999,66.0,4.0,5959.99
2025-12-07,OFF_google,87.41000000000001,53.0,2.0,1969.9500000000003
2025-12-08,OFF_google,113.03999999999999,35.0,3.0,2311.1000000000004
2025-12-09,OFF_google,118.23999999999998,43.0,1.0,810.5600000000004
2025-12-10,OFF_google,131.97,56.0,0.0,0.0
2025-12-11,OFF_google,125.22,54.0,3.0,2250.4
2025-12-12,OFF_google,133.03,55.0,10.0,10036.41
2025-12-13,OFF_google,101.13000000000001,54.0,2.0,1180.8200000000002
2025-12-14,OFF_google,90.92999999999999,47.0,3.0,2098.8099999999995
2025-12-15,OFF_google,107.77000000000001,55.0,1.0,1593.15
2025-12-16,OFF_google,113.44999999999999,47.0,3.0,2141.08
2025-12-17,OFF_google,128.34,54.0,5.0,4852.88
2025-12-18,OFF_google,128.51,44.0,5.0,7119.5
2025-12-19,OFF_google,136.48,48.0,4.0,3179.09
2025-12-20,OFF_google,104.64999999999999,59.0,2.0,1250.11
2025-12-21,OFF_google,80.2,49.0,5.0,4708.75
2025-12-22,OFF_google,104.16,44.0,1.0,1087.65
2025-12-23,OFF_google,128.82999999999998,37.0,2.0,2515.9
2025-12-24,OFF_google,116.95000000000002,40.0,6.0,8383.300000000001
2025-12-25,OFF_google,129.72000000000003,51.0,3.0,3864.29
2025-12-26,OFF_google,128.94,49.0,2.0,2915.84
2025-12-27,OFF_google,98.13,68.0,3.0,2582.6099999999997
2025-12-28,OFF_google,88.54,43.0,5.0,4816.869999999999
2025-12-29,OFF_google,114.11,41.0,5.0,5135.139999999999
2025-12-30,OFF_google,133.78,55.0,3.0,2383.86
2025-12-31,OFF_google,128.45000000000002,45.0,2.0,2198.45
2026-01-01,OFF_google,127.10000000000002,50.0,4.0,3699.0599999999995
2026-01-02,OFF_google,159.48000000000002,54.0,3.0,3407.08
2026-01-03,OFF_google,116.69,52.0,1.0,1092.44
2026-01-04,OFF_google,98.88000000000001,50.0,7.0,6081.21
2026-01-05,OFF_google,129.26999999999998,48.0,7.0,7974.8099999999995
2026-01-06,OFF_google,134.69,32.0,4.0,4181.15
2026-01-07,OFF_google,145.7,47.0,1.0,269.8299999999999
2026-01-08,OFF_google,127.91,56.0,2.0,2139.9399999999996
2026-01-09,OFF_google,140.01,66.0,1.0,2207.6000000000004
2026-01-10,OFF_google,122.38,44.0,2.0,4619.13
2026-01-11,OFF_google,96.61,46.0,7.0,6589.35
2026-01-12,OFF_google,128.89,54.0,2.0,3753.6000000000004
2026-01-13,OFF_google,140.78,60.0,6.0,6448.120000000001
2026-01-14,OFF_google,152.58999999999997,48.0,3.0,3213.34
2026-01-15,OFF_google,139.32,56.0,4.0,2076.56
2026-01-16,OFF_google,142.36,55.0,5.0,5475.79
2026-01-17,OFF_google,114.72,48.0,4.0,4855.8099999999995
2026-01-18,OFF_google,97.09999999999998,50.0,2.0,2467.04
2026-01-19,OFF_google,132.48000000000002,41.0,1.0,479.9799999999999
2026-01-20,OFF_google,126.34,55.0,1.0,2609.9
2026-01-21,OFF_google,144.11,41.0,3.0,3874.0699999999997
2026-01-22,OFF_google,144.31,61.0,2.0,1732.2299999999998
2026-01-23,OFF_google,148.63,57.0,3.0,4089.67
2026-01-24,OFF_google,122.81000000000002,57.0,5.0,6185.830000000001
2026-01-25,OFF_google,91.55,50.0,1.0,1211.99
2026-01-26,OFF_google,121.87,51.0,1.0,1430.41
2026-01-27,OFF_google,135.44,48.0,2.0,3129.74
2026-01-28,OFF_google,143.3,56.0,4.0,2458.06
2026-01-29,OFF_google,143.24,59.0,4.0,7068.8
2026-01-30,OFF_google,149.15,54.0,3.0,3146.65
2026-01-31,OFF_google,114.03,54.0,1.0,488.2900000000001
2026-02-01,OFF_google,74.64999999999999,58.0,2.0,1358.4699999999998
2026-02-02,OFF_google,93.65,44.0,3.0,3300.29
2026-02-03,OFF_google,100.82,42.0,7.0,6314.03
2026-02-04,OFF_google,108.09,39.0,2.0,1851.3899999999999
2026-02-05,OFF_google,109.05000000000001,49.0,5.0,4808.04
2026-02-06,OFF_google,121.72000000000001,42.0,0.0,0.0
2026-02-07,OFF_google,86.5,46.0,3.0,1741.0400000000002
2026-02-08,OFF_google,73.92999999999999,35.0,4.0,3580.04
2026-02-09,OFF_google,95.49000000000001,48.0,2.0,1242.9199999999998
2026-02-10,OFF_google,101.35000000000001,34.0,1.0,613.69
2026-02-11,OFF_google,102.5,38.0,1.0,731.07
2026-02-12,OFF_google,105.85999999999999,59.0,3.0,2016.72
2026-02-13,OFF_google,122.27000000000001,54.0,2.0,1249.8000000000002
2026-02-14,OFF_google,90.62,32.0,3.0,2070.34
2026-02-15,OFF_google,75.39999999999999,43.0,0.0,0.0
2026-02-16,OFF_google,88.96000000000001,45.0,2.0,1975.0699999999997
2026-02-17,OFF_google,94.78999999999999,29.0,3.0,3047.71
2026-02-18,OFF_google,107.96999999999998,45.0,0.0,0.0
2026-02-19,OFF_google,109.34,41.0,1.0,915.05
2026-02-20,OFF_google,113.58000000000001,40.0,3.0,2913.4899999999993
2026-02-21,OFF_google,85.53,33.0,3.0,3702.8
2026-02-22,OFF_google,67.37,42.0,0.0,0.0
2026-02-23,OFF_google,91.99999999999999,25.0,1.0,1069.6300000000003
2026-02-24,OFF_google,105.7,43.0,1.0,926.7700000000001
2026-02-25,OFF_google,105.6,56.0,0.0,0.0
2026-02-26,OFF_google,104.5,46.0,2.0,2066.31
2026-02-27,OFF_google,117.86000000000001,52.0,2.0,1557.09
2026-02-28,OFF_google,93.12,48.0,2.0,1543.8299999999997
2025-10-01,OFF_kakao,132.57999999999998,0.0,0.0,0.0
2025-10-02,OFF_kakao,123.08000000000001,30.0,0.0,0.0
2025-10-03,OFF_kakao,143.26000000000002,40.0,0.0,0.0
2025-10-04,OFF_kakao,102.66999999999999,51.0,0.0,0.0
2025-10-05,OFF_kakao,87.25999999999999,55.0,1.0,1499.89
2025-10-06,OFF_kakao,112.39,36.0,2.0,3791.71
2025-10-07,OFF_kakao,127.39,49.0,8.0,8978.98
2025-10-08,OFF_kakao,129.54,44.0,2.0,1347.02
2025-10-09,OFF_kakao,131.2,36.0,4.0,2993.37
2025-10-10,OFF_kakao,139.31,60.0,1.0,2015.36
2025-10-11,OFF_kakao,101.32,60.0,2.0,2606.9700000000003
2025-10-12,OFF_kakao,86.54,55.0,2.0,1704.8000000000002
2025-10-13,OFF_kakao,108.89999999999999,39.0,3.0,2431.49
2025-10-14,OFF_kakao,127.02,43.0,3.0,2932.5699999999997
2025-10-15,OFF_kakao,124.62,46.0,5.0,5435.2
2025-10-16,OFF_kakao,133.72,55.0,2.0,3225.71
2025-10-17,OFF_kakao,133.33,53.0,1.0,1420.78
2025-10-18,OFF_kakao,107.89000000000001,53.0,5.0,4049.59
2025-10-19,OFF_kakao,85.37,55.0,3.0,2271.4799999999996
2025-10-20,OFF_kakao,104.65,48.0,2.0,1739.3099999999997
2025-10-21,OFF_kakao,122.18,55.0,6.0,5318.71
2025-10-22,OFF_kakao,128.13,37.0,1.0,2488.24
2025-10-23,OFF_kakao,125.10999999999999,52.0,4.0,4911.04
2025-10-24,OFF_kakao,138.68,66.0,1.0,534.7300000000001
2025-10-25,OFF_kakao,106.83999999999999,56.0,3.0,4056.61
2025-10-26,OFF_kakao,82.95000000000002,65.0,10.0,15691.18
2025-10-27,OFF_kakao,108.89999999999999,56.0,5.0,4647.11
2025-10-28,OFF_kakao,131.82999999999998,48.0,6.0,7218.13
2025-10-29,OFF_kakao,125.20000000000002,50.0,2.0,2984.03
2025-10-30,OFF_kakao,131.25,59.0,1.0,1022.77
2025-10-31,OFF_kakao,129.03,59.0,4.0,4175.52
2025-11-01,OFF_kakao,109.04999999999998,53.0,6.0,8916.96
2025-11-02,OFF_kakao,86.85,52.0,2.0,3190.6
2025-11-03,OFF_kakao,108.77000000000001,38.0,4.0,5394.68
2025-11-04,OFF_kakao,114.84,53.0,3.0,2082.67
2025-11-05,OFF_kakao,130.51000000000002,49.0,3.0,2415.7900000000004
2025-11-06,OFF_kakao,136.85999999999999,52.0,8.0,10550.21
2025-11-07,OFF_kakao,135.85000000000002,48.0,5.0,7604.12
2025-11-08,OFF_kakao,111.13,61.0,3.0,2357.5700000000006
2025-11-09,OFF_kakao,83.51,44.0,6.0,6981.54
2025-11-10,OFF_kakao,111.41000000000001,46.0,0.0,0.0
2025-11-11,OFF_kakao,117.22,48.0,4.0,4413.929999999999
2025-11-12,OFF_kakao,130.71,52.0,1.0,1029.15
2025-11-13,OFF_kakao,134.79,41.0,3.0,2328.6800000000003
2025-11-14,OFF_kakao,131.98,52.0,3.0,2203.6099999999997
2025-11-15,OFF_kakao,106.83,53.0,1.0,665.93
2025-11-16,OFF_kakao,85.38,67.0,6.0,5467.75
2025-11-17,OFF_kakao,105.33,38.0,5.0,6334.77
2025-11-18,OFF_kakao,114.84,32.0,4.0,4444.69
2025-11-19,OFF_kakao,137.11,57.0,3.0,3238.0000000000005
2025-11-20,OFF_kakao,129.23999999999998,48.0,1.0,1056.81
2025-11-21,OFF_kakao,134.97,45.0,2.0,2790.5
2025-11-22,OFF_kakao,103.80000000000001,72.0,5.0,5132.13
2025-11-23,OFF_kakao,89.31,45.0,1.0,355.89
2025-11-24,OFF_kakao,116.13000000000001,40.0,2.0,2268.7
2025-11-25,OFF_kakao,125.74000000000001,46.0,2.0,2403.67
2025-11-26,OFF_kakao,133.3,53.0,0.0,0.0
2025-11-27,OFF_kakao,127.00999999999999,52.0,5.0,5475.55
2025-11-28,OFF_kakao,130.03,47.0,4.0,6473.46
2025-11-29,OFF_kakao,100.55,60.0,4.0,5820.139999999999
2025-11-30,OFF_kakao,90.92,35.0,3.0,6183.59
2025-12-01,OFF_kakao,125.82999999999998,45.0,4.0,5225.38
2025-12-02,OFF_kakao,147.04000000000002,49.0,5.0,4505.07
2025-12-03,OFF_kakao,140.96,37.0,4.0,3091.9199999999996
2025-12-04,OFF_kakao,153.93,57.0,3.0,5570.26
2025-12-05,OFF_kakao,146.88,56.0,1.0,1469.87
2025-12-06,OFF_kakao,115.51999999999998,69.0,5.0,7041.49
2025-12-07,OFF_kakao,95.78,59.0,3.0,2764.59
2025-12-08,OFF_kakao,118.34,38.0,1.0,632.2000000000003
2025-12-09,OFF_kakao,127.02999999999999,42.0,2.0,3732.1300000000006
2025-12-10,OFF_kakao,146.64,46.0,1.0,741.56
2025-12-11,OFF_kakao,140.9,68.0,0.0,0.0
2025-12-12,OFF_kakao,147.58,51.0,7.0,7215.32
2025-12-13,OFF_kakao,119.51,52.0,3.0,2560.45
2025-12-14,OFF_kakao,99.03999999999999,56.0,3.0,3102.8599999999997
2025-12-15,OFF_kakao,128.77,57.0,2.0,2518.53
2025-12-16,OFF_kakao,125.41999999999999,60.0,2.0,1532.48
2025-12-17,OFF_kakao,139.72,51.0,5.0,4852.88
2025-12-18,OFF_kakao,135.23999999999998,58.0,5.0,7119.5
2025-12-19,OFF_kakao,151.19,51.0,3.0,2607.32
2025-12-20,OFF_kakao,116.17999999999999,55.0,2.0,2330.2
2025-12-21,OFF_kakao,90.0,53.0,6.0,6020.97
2025-12-22,OFF_kakao,117.59,50.0,2.0,1880.88
2025-12-23,OFF_kakao,141.64,41.0,3.0,3223.2200000000003
2025-12-24,OFF_kakao,134.75,47.0,6.0,7763.89
2025-12-25,OFF_kakao,141.82000000000002,48.0,3.0,4220.07
2025-12-26,OFF_kakao,139.82,52.0,2.0,2915.84
2025-12-27,OFF_kakao,109.85,69.0,3.0,2931.5099999999998
2025-12-28,OFF_kakao,97.80000000000001,58.0,6.0,6178.219999999999
2025-12-29,OFF_kakao,120.38,43.0,3.0,3560.8499999999995
2025-12-30,OFF_kakao,147.17,55.0,4.0,3268.1800000000003
2025-12-31,OFF_kakao,141.79000000000002,45.0,5.0,6859.66
2026-01-01,OFF_kakao,148.25,58.0,6.0,5312.32
2026-01-02,OFF_kakao,176.65,55.0,2.0,1853.15
2026-01-03,OFF_kakao,132.96,56.0,2.0,2096.46
2026-01-04,OFF_kakao,107.61000000000001,51.0,3.0,3772.1
2026-01-05,OFF_kakao,141.63,48.0,4.0,4319.33
2026-01-06,OFF_kakao,152.76,47.0,2.0,2933.91
2026-01-07,OFF_kakao,166.73,54.0,2.0,2957.59
2026-01-08,OFF_kakao,154.47,60.0,2.0,2179.46
2026-01-09,OFF_kakao,161.72,68.0,2.0,2913.7600000000007
2026-01-10,OFF_kakao,129.21,51.0,2.0,4619.13
2026-01-11,OFF_kakao,104.46,51.0,8.0,7070.42
2026-01-12,OFF_kakao,143.53,50.0,1.0,952.9900000000002
2026-01-13,OFF_kakao,155.93,59.0,6.0,8015.83
2026-01-14,OFF_kakao,164.16,48.0,2.0,2449.08
2026-01-15,OFF_kakao,157.94,50.0,3.0,2238.48
2026-01-16,OFF_kakao,165.07,57.0,3.0,2854.06
2026-01-17,OFF_kakao,125.03,56.0,3.0,3059.2999999999993
2026-01-18,OFF_kakao,107.93999999999997,52.0,3.0,3000.26
2026-01-19,OFF_kakao,147.53,45.0,2.0,1317.8899999999999
2026-01-20,OFF_kakao,143.79000000000002,62.0,2.0,1865.6
2026-01-21,OFF_kakao,160.37,52.0,3.0,3561.2999999999993
2026-01-22,OFF_kakao,165.37,62.0,4.0,2846.41
2026-01-23,OFF_kakao,160.79,56.0,5.0,6558.97
2026-01-24,OFF_kakao,129.0,64.0,6.0,8867.220000000001
2026-01-25,OFF_kakao,98.63,59.0,1.0,623.06
2026-01-26,OFF_kakao,146.88,55.0,1.0,1430.41
2026-01-27,OFF_kakao,146.55,55.0,3.0,2104.2999999999997
2026-01-28,OFF_kakao,160.48000000000002,66.0,6.0,5475.92
2026-01-29,OFF_kakao,164.52,63.0,6.0,10923.29
2026-01-30,OFF_kakao,167.63,58.0,3.0,4143.9800000000005
2026-01-31,OFF_kakao,124.13999999999999,61.0,1.0,920.5700000000002
2026-02-01,OFF_kakao,79.77,57.0,4.0,5314.57
2026-02-02,OFF_kakao,103.78,48.0,3.0,3300.29
2026-02-03,OFF_kakao,112.69999999999999,50.0,5.0,5305.27
2026-02-04,OFF_kakao,121.10999999999999,40.0,4.0,3048.45
2026-02-05,OFF_kakao,121.84000000000002,55.0,2.0,1949.7799999999997
2026-02-06,OFF_kakao,129.09,40.0,1.0,1430.04
2026-02-07,OFF_kakao,95.84,57.0,4.0,2674.01
2026-02-08,OFF_kakao,86.97,46.0,2.0,2246.3199999999997
2026-02-09,OFF_kakao,109.35,45.0,3.0,2334.06
2026-02-10,OFF_kakao,108.91000000000001,35.0,0.0,0.0
2026-02-11,OFF_kakao,113.80000000000001,46.0,1.0,731.07
2026-02-12,OFF_kakao,121.08999999999997,56.0,2.0,2625.48
2026-02-13,OFF_kakao,132.06,55.0,2.0,1249.8000000000002
2026-02-14,OFF_kakao,102.42,38.0,5.0,5975.88
2026-02-15,OFF_kakao,82.11999999999999,50.0,1.0,1689.81
2026-02-16,OFF_kakao,101.67000000000002,50.0,4.0,5646.77
2026-02-17,OFF_kakao,109.78,34.0,5.0,6933.75
2026-02-18,OFF_kakao,125.33999999999999,52.0,2.0,1673.48
2026-02-19,OFF_kakao,121.46000000000001,53.0,2.0,1629.3
2026-02-20,OFF_kakao,125.9,53.0,5.0,5351.549999999999
2026-02-21,OFF_kakao,95.85,41.0,4.0,4264.08
2026-02-22,OFF_kakao,74.44,39.0,0.0,0.0
2026-02-23,OFF_kakao,106.88,33.0,3.0,2339.0200000000004
2026-02-24,OFF_kakao,119.61,48.0,2.0,1384.88
2026-02-25,OFF_kakao,117.74,57.0,1.0,1585.44
2026-02-26,OFF_kakao,118.47,53.0,2.0,2066.31
2026-02-27,OFF_kakao,130.9,47.0,1.0,565.78
2026-02-28,OFF_kakao,104.43,56.0,3.0,2861.0699999999997
2025-10-01,OFF_meta,124.86,0.0,0.0,0.0
2025-10-02,OFF_meta,120.67,29.0,0.0,0.0
2025-10-03,OFF_meta,141.25,37.0,0.0,0.0
2025-10-04,OFF_meta,102.47,48.0,1.0,948.22
2025-10-05,OFF_meta,81.86,52.0,1.0,1499.89
2025-10-06,OFF_meta,109.62,39.0,3.0,2900.4700000000003
2025-10-07,OFF_meta,124.42,43.0,6.0,7263.679999999999
2025-10-08,OFF_meta,127.9,41.0,1.0,622.9499999999999
2025-10-09,OFF_meta,130.6,43.0,3.0,2586.94
2025-10-10,OFF_meta,137.1,52.0,0.0,0.0
2025-10-11,OFF_meta,102.6,60.0,4.0,4172.6
2025-10-12,OFF_meta,81.29,55.0,2.0,1866.01
2025-10-13,OFF_meta,104.91,34.0,4.0,3976.52
2025-10-14,OFF_meta,124.05,46.0,2.0,1633.2499999999998
2025-10-15,OFF_meta,120.9,50.0,3.0,2448.54
2025-10-16,OFF_meta,128.85999999999999,48.0,2.0,3225.71
2025-10-17,OFF_meta,129.07000000000002,46.0,2.0,2762.56
2025-10-18,OFF_meta,104.18,51.0,4.0,3554.63
2025-10-19,OFF_meta,83.6,49.0,3.0,2730.64
2025-10-20,OFF_meta,101.25999999999999,42.0,3.0,2680.1099999999997
2025-10-21,OFF_meta,122.48,53.0,4.0,3106.08
2025-10-22,OFF_meta,123.35,40.0,0.0,0.0
2025-10-23,OFF_meta,123.63999999999999,50.0,6.0,6633.04
2025-10-24,OFF_meta,135.5,66.0,2.0,1517.0500000000002
2025-10-25,OFF_meta,103.87999999999998,53.0,3.0,3828.54
2025-10-26,OFF_meta,84.80000000000001,68.0,10.0,16810.66
2025-10-27,OFF_meta,101.88999999999999,62.0,5.0,4070.8099999999995
2025-10-28,OFF_meta,127.16,45.0,6.0,5227.4
2025-10-29,OFF_meta,124.85000000000002,57.0,3.0,3722.53
2025-10-30,OFF_meta,126.72999999999999,52.0,3.0,3262.42
2025-10-31,OFF_meta,127.35000000000001,61.0,6.0,6390.400000000001
2025-11-01,OFF_meta,104.44999999999999,55.0,5.0,6479.9299999999985
2025-11-02,OFF_meta,79.85,54.0,2.0,3190.6
2025-11-03,OFF_meta,106.73,38.0,4.0,5394.68
2025-11-04,OFF_meta,113.55000000000001,40.0,1.0,1751.0100000000002
2025-11-05,OFF_meta,130.15,45.0,3.0,3783.59
2025-11-06,OFF_meta,134.89,52.0,9.0,11758.2
2025-11-07,OFF_meta,135.84,46.0,4.0,6346.7
2025-11-08,OFF_meta,108.75,63.0,3.0,2894.2000000000003
2025-11-09,OFF_meta,82.8,44.0,6.0,5834.45
2025-11-10,OFF_meta,110.91000000000001,47.0,2.0,2420.27
2025-11-11,OFF_meta,115.02000000000001,58.0,3.0,2684.1199999999994
2025-11-12,OFF_meta,124.16000000000001,59.0,1.0,1029.15
2025-11-13,OFF_meta,129.13,50.0,3.0,2837.3500000000004
2025-11-14,OFF_meta,128.41,45.0,3.0,2203.6099999999997
2025-11-15,OFF_meta,104.73,52.0,1.0,665.93
2025-11-16,OFF_meta,81.63,66.0,5.0,4625.21
2025-11-17,OFF_meta,98.56,37.0,6.0,8113.79
2025-11-18,OFF_meta,115.53,34.0,3.0,2784.2099999999996
2025-11-19,OFF_meta,126.52000000000001,58.0,2.0,1643.1000000000004
2025-11-20,OFF_meta,122.14999999999999,41.0,1.0,1056.81
2025-11-21,OFF_meta,133.31,43.0,3.0,4664.64
2025-11-22,OFF_meta,100.01,70.0,3.0,3436.37
2025-11-23,OFF_meta,86.61999999999999,44.0,1.0,785.09
2025-11-24,OFF_meta,113.95000000000002,41.0,2.0,2268.7
2025-11-25,OFF_meta,123.45,44.0,3.0,3067.57
2025-11-26,OFF_meta,123.55000000000001,49.0,2.0,2806.79
2025-11-27,OFF_meta,123.97,49.0,5.0,5475.55
2025-11-28,OFF_meta,122.84,39.0,3.0,5726.52
2025-11-29,OFF_meta,99.01,54.0,4.0,5598.8099999999995
2025-11-30,OFF_meta,84.85,41.0,3.0,6183.59
2025-12-01,OFF_meta,118.72999999999999,51.0,2.0,3018.82
2025-12-02,OFF_meta,139.8,50.0,5.0,4505.07
2025-12-03,OFF_meta,139.20000000000002,43.0,5.0,4817.74
2025-12-04,OFF_meta,146.35999999999999,62.0,2.0,3915.37
2025-12-05,OFF_meta,138.98000000000002,50.0,1.0,1469.87
2025-12-06,OFF_meta,115.24999999999999,70.0,3.0,4902.79
2025-12-07,OFF_meta,91.53,57.0,2.0,1430.88
2025-12-08,OFF_meta,115.50999999999999,43.0,3.0,2311.1000000000004
2025-12-09,OFF_meta,120.41999999999999,41.0,3.0,4542.6900000000005
2025-12-10,OFF_meta,146.46,54.0,1.0,741.56
2025-12-11,OFF_meta,136.88,54.0,3.0,2250.4
2025-12-12,OFF_meta,141.64,64.0,7.0,7254.71
2025-12-13,OFF_meta,116.76,61.0,3.0,2874.53
2025-12-14,OFF_meta,97.07999999999998,56.0,4.0,3005.1299999999997
2025-12-15,OFF_meta,129.8,55.0,2.0,2518.53
2025-12-16,OFF_meta,129.05999999999997,59.0,3.0,2141.08
2025-12-17,OFF_meta,135.5,43.0,1.0,949.3800000000001
2025-12-18,OFF_meta,132.82999999999998,50.0,2.0,2240.58
2025-12-19,OFF_meta,148.45,52.0,4.0,3179.09
2025-12-20,OFF_meta,111.61999999999999,57.0,2.0,2096.0499999999997
2025-12-21,OFF_meta,85.71000000000001,43.0,6.0,5716.49
2025-12-22,OFF_meta,110.97,48.0,2.0,1880.88
2025-12-23,OFF_meta,137.02,37.0,3.0,3223.2200000000003
2025-12-24,OFF_meta,130.49,41.0,4.0,5135.52
2025-12-25,OFF_meta,135.18,56.0,4.0,5505.34
2025-12-26,OFF_meta,137.39,47.0,1.0,1578.8700000000001
2025-12-27,OFF_meta,108.07,67.0,4.0,3268.43
2025-12-28,OFF_meta,95.10000000000001,57.0,3.0,2476.3899999999994
2025-12-29,OFF_meta,120.12,39.0,4.0,3609.379999999999
2025-12-30,OFF_meta,139.17,60.0,4.0,3268.1800000000003
2025-12-31,OFF_meta,142.93,43.0,4.0,5713.0199999999995
2026-01-01,OFF_meta,146.55,55.0,4.0,3700.4299999999994
2026-01-02,OFF_meta,164.82,57.0,4.0,4443.67
2026-01-03,OFF_meta,129.22,50.0,2.0,2096.46
2026-01-04,OFF_meta,109.08000000000001,57.0,7.0,6081.21
2026-01-05,OFF_meta,141.07,57.0,5.0,4756.48
2026-01-06,OFF_meta,145.22,49.0,4.0,4181.15
2026-01-07,OFF_meta,164.29,57.0,2.0,2957.59
2026-01-08,OFF_meta,146.02,60.0,3.0,3162.91
2026-01-09,OFF_meta,162.13,59.0,3.0,5121.360000000001
2026-01-10,OFF_meta,130.05,51.0,1.0,2343.34
2026-01-11,OFF_meta,100.78,56.0,7.0,6104.08
2026-01-12,OFF_meta,143.24,52.0,3.0,4706.59
2026-01-13,OFF_meta,145.39000000000001,51.0,7.0,9516.880000000001
2026-01-14,OFF_meta,163.44,48.0,3.0,3213.34
2026-01-15,OFF_meta,152.33999999999997,55.0,5.0,3040.02
2026-01-16,OFF_meta,155.12,51.0,4.0,3547.3199999999997
2026-01-17,OFF_meta,118.98000000000002,53.0,2.0,2855.3399999999992
2026-01-18,OFF_meta,107.51999999999998,53.0,2.0,1803.2000000000003
2026-01-19,OFF_meta,144.32,51.0,2.0,1317.8899999999999
2026-01-20,OFF_meta,140.71,56.0,3.0,4475.5
2026-01-21,OFF_meta,156.77,55.0,4.0,4581.8099999999995
2026-01-22,OFF_meta,162.6,63.0,4.0,2846.41
2026-01-23,OFF_meta,155.14999999999998,65.0,5.0,6558.97
2026-01-24,OFF_meta,125.30000000000001,51.0,5.0,6823.130000000001
2026-01-25,OFF_meta,94.17,48.0,2.0,1835.05
2026-01-26,OFF_meta,142.57,54.0,0.0,0.0
2026-01-27,OFF_meta,137.59,53.0,4.0,4323.74
2026-01-28,OFF_meta,152.09,55.0,3.0,3618.15
2026-01-29,OFF_meta,154.51,58.0,7.0,12846.58
2026-01-30,OFF_meta,163.8,57.0,3.0,3038.4700000000003
2026-01-31,OFF_meta,124.77,56.0,2.0,1408.8600000000001
2026-02-01,OFF_meta,78.17999999999999,52.0,3.0,4402.099999999999
2026-02-02,OFF_meta,100.44,54.0,1.0,337.00999999999976
2026-02-03,OFF_meta,105.58999999999999,49.0,5.0,3955.09
2026-02-04,OFF_meta,124.17999999999999,40.0,3.0,2018.9999999999998
2026-02-05,OFF_meta,120.78000000000002,45.0,5.0,4808.04
2026-02-06,OFF_meta,122.02000000000001,42.0,1.0,1430.04
2026-02-07,OFF_meta,97.56,49.0,1.0,932.9700000000003
2026-02-08,OFF_meta,81.85,50.0,4.0,3580.04
2026-02-09,OFF_meta,104.55,44.0,2.0,1508.94
2026-02-10,OFF_meta,107.77000000000001,40.0,1.0,613.69
2026-02-11,OFF_meta,105.88000000000001,42.0,1.0,731.07
2026-02-12,OFF_meta,120.04999999999998,59.0,3.0,2491.6800000000003
2026-02-13,OFF_meta,132.84,50.0,2.0,1249.8000000000002
2026-02-14,OFF_meta,98.38,39.0,7.0,7123.58
2026-02-15,OFF_meta,78.63999999999999,46.0,1.0,1689.81
2026-02-16,OFF_meta,96.42000000000002,53.0,5.0,6384.54
2026-02-17,OFF_meta,104.11,30.0,4.0,5959.54
2026-02-18,OFF_meta,123.95999999999998,51.0,2.0,1673.48
2026-02-19,OFF_meta,114.86,52.0,1.0,714.25
2026-02-20,OFF_meta,126.58000000000001,54.0,5.0,5351.549999999999
2026-02-21,OFF_meta,89.14,34.0,4.0,4264.08
2026-02-22,OFF_meta,77.46,38.0,0.0,0.0
2026-02-23,OFF_meta,102.97999999999999,34.0,2.0,1269.3900000000003
2026-02-24,OFF_meta,115.31,45.0,2.0,1384.88
2026-02-25,OFF_meta,114.14,52.0,1.0,1585.44
2026-02-26,OFF_meta,120.11999999999999,49.0,2.0,2066.31
2026-02-27,OFF_meta,130.13,46.0,2.0,1557.09
2026-02-28,OFF_meta,103.19,55.0,3.0,2861.0699999999997
2025-10-01,OFF_naver,116.85,0.0,0.0,0.0
2025-10-02,OFF_naver,112.92,28.0,0.0,0.0
2025-10-03,OFF_naver,130.45000000000002,34.0,0.0,0.0
2025-10-04,OFF_naver,92.64999999999999,50.0,1.0,948.22
2025-10-05,OFF_naver,79.56,46.0,0.0,0.0
2025-10-06,OFF_naver,103.32,38.0,3.0,3116.58
2025-10-07,OFF_naver,118.91,49.0,6.0,6286.25
2025-10-08,OFF_naver,121.32,44.0,2.0,1347.02
2025-10-09,OFF_naver,121.19999999999999,40.0,4.0,2993.37
2025-10-10,OFF_naver,128.17,58.0,1.0,2015.36
2025-10-11,OFF_naver,94.75999999999999,58.0,3.0,2173.9400000000005
2025-10-12,OFF_naver,80.91000000000001,48.0,3.0,2981.67
2025-10-13,OFF_naver,97.71,32.0,2.0,1824.6599999999999
2025-10-14,OFF_naver,113.75999999999999,42.0,2.0,2263.12
2025-10-15,OFF_naver,110.05000000000001,51.0,3.0,3748.64
2025-10-16,OFF_naver,120.32999999999998,36.0,2.0,3225.71
2025-10-17,OFF_naver,122.01000000000002,47.0,1.0,1341.78
2025-10-18,OFF_naver,97.34,56.0,3.0,2293.46
2025-10-19,OFF_naver,78.39,46.0,3.0,2279.54
2025-10-20,OFF_naver,92.05,40.0,1.0,940.7999999999997
2025-10-21,OFF_naver,112.79,43.0,5.0,4689.83
2025-10-22,OFF_naver,112.91,44.0,1.0,2488.24
2025-10-23,OFF_naver,119.58999999999999,55.0,4.0,3711.13
2025-10-24,OFF_naver,123.06,71.0,2.0,1517.0500000000002
2025-10-25,OFF_naver,95.26999999999998,52.0,2.0,1940.8700000000003
2025-10-26,OFF_naver,79.45000000000002,71.0,8.0,13759.0
2025-10-27,OFF_naver,97.85,50.0,6.0,5700.82
2025-10-28,OFF_naver,116.64999999999998,43.0,6.0,6648.400000000001
2025-10-29,OFF_naver,111.66000000000003,48.0,1.0,738.5
2025-10-30,OFF_naver,116.1,49.0,3.0,3262.42
2025-10-31,OFF_naver,117.17000000000002,48.0,4.0,4320.370000000001
2025-11-01,OFF_naver,102.02999999999999,44.0,5.0,7413.8099999999995
2025-11-02,OFF_naver,80.44999999999999,50.0,2.0,3190.6
2025-11-03,OFF_naver,101.97,37.0,2.0,1161.3400000000001
2025-11-04,OFF_naver,109.39000000000001,50.0,4.0,3833.6800000000003
2025-11-05,OFF_naver,123.92000000000002,46.0,3.0,3762.76
2025-11-06,OFF_naver,123.44,53.0,9.0,11244.53
2025-11-07,OFF_naver,129.69,43.0,4.0,6288.8099999999995
2025-11-08,OFF_naver,98.66,65.0,4.0,3138.3500000000004
2025-11-09,OFF_naver,77.48,45.0,6.0,6069.44
2025-11-10,OFF_naver,103.41000000000001,54.0,2.0,2420.27
2025-11-11,OFF_naver,108.0,51.0,4.0,4133.219999999999
2025-11-12,OFF_naver,118.73000000000002,47.0,1.0,1029.15
2025-11-13,OFF_naver,125.97999999999999,46.0,4.0,3058.8
2025-11-14,OFF_naver,125.05,52.0,2.0,1380.0499999999997
2025-11-15,OFF_naver,105.02000000000001,53.0,1.0,665.93
2025-11-16,OFF_naver,75.02,63.0,5.0,4391.42
2025-11-17,OFF_naver,95.00999999999999,35.0,6.0,8407.15
2025-11-18,OFF_naver,108.95,39.0,2.0,2223.97
2025-11-19,OFF_naver,115.2,52.0,4.0,4149.4800000000005
2025-11-20,OFF_naver,122.54999999999998,42.0,1.0,1056.81
2025-11-21,OFF_naver,125.41999999999999,35.0,2.0,2241.28
2025-11-22,OFF_naver,96.2,65.0,3.0,2740.81
2025-11-23,OFF_naver,82.42999999999999,44.0,2.0,1140.98
2025-11-24,OFF_naver,102.21000000000001,36.0,2.0,2268.7
2025-11-25,OFF_naver,110.62,39.0,2.0,2020.38
2025-11-26,OFF_naver,117.49000000000001,47.0,2.0,2806.79
2025-11-27,OFF_naver,118.0,48.0,2.0,2175.09
2025-11-28,OFF_naver,127.67,45.0,3.0,4280.47
2025-11-29,OFF_naver,96.96000000000001,49.0,4.0,6515.329999999999
2025-11-30,OFF_naver,82.31,42.0,1.0,825.5200000000004
2025-12-01,OFF_naver,113.52999999999997,45.0,4.0,5225.38
2025-12-02,OFF_naver,135.65,51.0,5.0,4505.07
2025-12-03,OFF_naver,126.22000000000001,46.0,6.0,5275.5199999999995
2025-12-04,OFF_naver,139.37,58.0,2.0,2792.0
2025-12-05,OFF_naver,134.88,45.0,1.0,1469.87
2025-12-06,OFF_naver,110.22999999999999,60.0,4.0,4895.82
2025-12-07,OFF_naver,84.37,51.0,2.0,2128.3500000000004
2025-12-08,OFF_naver,107.88,37.0,2.0,1678.9000000000003
2025-12-09,OFF_naver,119.75,38.0,3.0,4542.6900000000005
2025-12-10,OFF_naver,134.42000000000002,60.0,1.0,741.56
2025-12-11,OFF_naver,132.86,64.0,3.0,2250.4
2025-12-12,OFF_naver,140.23000000000002,62.0,11.0,11455.92
2025-12-13,OFF_naver,108.12,52.0,4.0,3307.9
2025-12-14,OFF_naver,91.63,55.0,5.0,4103.4
2025-12-15,OFF_naver,113.78,53.0,1.0,925.3800000000001
2025-12-16,OFF_naver,121.53999999999999,56.0,1.0,608.5999999999999
2025-12-17,OFF_naver,128.31,43.0,4.0,3903.5
2025-12-18,OFF_naver,122.25999999999999,50.0,4.0,5560.66
2025-12-19,OFF_naver,139.17,57.0,2.0,914.5100000000002
2025-12-20,OFF_naver,108.30999999999999,63.0,3.0,2838.18
2025-12-21,OFF_naver,86.61,46.0,5.0,5388.4
2025-12-22,OFF_naver,100.58000000000001,40.0,2.0,1880.88
2025-12-23,OFF_naver,133.42000000000002,31.0,1.0,707.3200000000002
2025-12-24,OFF_naver,126.16000000000001,43.0,5.0,5767.33
2025-12-25,OFF_naver,136.93,49.0,3.0,4059.61
2025-12-26,OFF_naver,135.44,55.0,1.0,1336.9700000000003
2025-12-27,OFF_naver,101.22999999999999,68.0,2.0,1022.7399999999998
2025-12-28,OFF_naver,87.65,50.0,4.0,5063.179999999999
2025-12-29,OFF_naver,109.49000000000001,35.0,4.0,4136.0599999999995
2025-12-30,OFF_naver,130.28,61.0,2.0,1629.0600000000004
2025-12-31,OFF_naver,131.76000000000002,53.0,4.0,5807.85
2026-01-01,OFF_naver,140.78000000000003,47.0,5.0,4040.5299999999997
2026-01-02,OFF_naver,157.58,54.0,4.0,4443.67
2026-01-03,OFF_naver,120.83000000000001,53.0,1.0,1004.02
2026-01-04,OFF_naver,100.83000000000001,51.0,5.0,3608.93
2026-01-05,OFF_naver,131.89999999999998,59.0,8.0,8525.31
2026-01-06,OFF_naver,141.29999999999998,43.0,2.0,1247.2399999999998
2026-01-07,OFF_naver,152.89,53.0,2.0,2957.59
2026-01-08,OFF_naver,143.88,53.0,2.0,2006.4199999999998
2026-01-09,OFF_naver,156.64999999999998,56.0,3.0,5121.360000000001
2026-01-10,OFF_naver,125.82,58.0,1.0,2275.79
2026-01-11,OFF_naver,95.38,58.0,5.0,4566.43
2026-01-12,OFF_naver,130.92,57.0,3.0,4706.59
2026-01-13,OFF_naver,141.77,57.0,6.0,8310.84
2026-01-14,OFF_naver,154.10999999999999,45.0,2.0,1421.17
2026-01-15,OFF_naver,140.42999999999998,57.0,3.0,1765.0
2026-01-16,OFF_naver,159.4,53.0,4.0,4932.01
2026-01-17,OFF_naver,113.09,60.0,3.0,3796.9799999999996
2026-01-18,OFF_naver,97.74999999999997,60.0,2.0,1730.2800000000002
2026-01-19,OFF_naver,130.9,46.0,1.0,837.9099999999999
2026-01-20,OFF_naver,133.84,50.0,3.0,4475.5
2026-01-21,OFF_naver,151.13,38.0,2.0,1728.2499999999995
2026-01-22,OFF_naver,149.67999999999998,59.0,4.0,2846.41
2026-01-23,OFF_naver,150.47,54.0,2.0,2469.3
2026-01-24,OFF_naver,122.19000000000001,61.0,5.0,6115.4400000000005
2026-01-25,OFF_naver,90.47,62.0,2.0,1835.05
2026-01-26,OFF_naver,132.03,49.0,1.0,1430.41
2026-01-27,OFF_naver,140.77,47.0,3.0,3413.4399999999996
2026-01-28,OFF_naver,144.96,60.0,5.0,4875.63
2026-01-29,OFF_naver,152.19,57.0,4.0,7701.07
2026-01-30,OFF_naver,162.91,57.0,3.0,4259.54
2026-01-31,OFF_naver,112.66,55.0,2.0,1408.8600000000001
2026-02-01,OFF_naver,75.33,62.0,3.0,4868.57
2026-02-02,OFF_naver,96.84,48.0,3.0,3300.29
2026-02-03,OFF_naver,105.26999999999998,44.0,7.0,5746.37
2026-02-04,OFF_naver,122.22,40.0,4.0,3048.45
2026-02-05,OFF_naver,109.77000000000001,57.0,3.0,2858.26
2026-02-06,OFF_naver,119.68,33.0,1.0,1430.04
2026-02-07,OFF_naver,88.43,54.0,4.0,2674.01
2026-02-08,OFF_naver,82.22999999999999,40.0,3.0,2524.05
2026-02-09,OFF_naver,96.17,43.0,3.0,2334.06
2026-02-10,OFF_naver,100.33000000000001,39.0,1.0,613.69
2026-02-11,OFF_naver,101.91000000000001,43.0,0.0,0.0
2026-02-12,OFF_naver,115.54999999999998,52.0,4.0,3566.94
2026-02-13,OFF_naver,125.73000000000002,53.0,1.0,817.5700000000002
2026-02-14,OFF_naver,96.66,38.0,6.0,6200.94
2026-02-15,OFF_naver,77.49,46.0,1.0,1689.81
2026-02-16,OFF_naver,98.32000000000001,43.0,4.0,5147.24
2026-02-17,OFF_naver,98.13,33.0,3.0,4860.25
2026-02-18,OFF_naver,115.00999999999999,48.0,2.0,1673.48
2026-02-19,OFF_naver,110.19,46.0,2.0,1629.3
2026-02-20,OFF_naver,117.05000000000001,44.0,2.0,2438.0599999999995
2026-02-21,OFF_naver,85.91,31.0,2.0,1223.7599999999998
2026-02-22,OFF_naver,72.31,33.0,0.0,0.0
2026-02-23,OFF_naver,101.71,33.0,3.0,2339.0200000000004
2026-02-24,OFF_naver,110.75,47.0,1.0,458.1100000000001
2026-02-25,OFF_naver,114.16,53.0,1.0,1585.44
2026-02-26,OFF_naver,116.47,50.0,1.0,618.8899999999999
2026-02-27,OFF_naver,125.59,48.0,2.0,1557.09
2026-02-28,OFF_naver,90.99000000000001,51.0,1.0,1317.2399999999998
2025-10-01,OFF_toss,143.48,0.0,0.0,0.0
2025-10-02,OFF_toss,135.06,33.0,0.0,0.0
2025-10-03,OFF_toss,155.4,41.0,0.0,0.0
2025-10-04,OFF_toss,111.89999999999999,54.0,1.0,948.22
2025-10-05,OFF_toss,93.64,59.0,1.0,1499.89
2025-10-06,OFF_toss,121.89,39.0,4.0,4904.38
2025-10-07,OFF_toss,135.7,51.0,6.0,7824.929999999999
2025-10-08,OFF_toss,138.87,44.0,1.0,724.0699999999999
2025-10-09,OFF_toss,142.76,46.0,3.0,1695.76
2025-10-10,OFF_toss,152.26,61.0,1.0,2015.36
2025-10-11,OFF_toss,111.5,64.0,3.0,3564.2900000000004
2025-10-12,OFF_toss,92.23000000000002,59.0,2.0,2392.53
2025-10-13,OFF_toss,116.41,35.0,4.0,3976.52
2025-10-14,OFF_toss,136.53,49.0,3.0,2932.5699999999997
2025-10-15,OFF_toss,132.38000000000002,56.0,5.0,5435.2
2025-10-16,OFF_toss,143.69,50.0,2.0,3225.71
2025-10-17,OFF_toss,144.53000000000003,62.0,2.0,2762.56
2025-10-18,OFF_toss,115.04,59.0,5.0,4049.59
2025-10-19,OFF_toss,93.8,51.0,3.0,2815.95
2025-10-20,OFF_toss,112.2,47.0,3.0,2680.1099999999997
2025-10-21,OFF_toss,136.20000000000002,52.0,5.0,4792.96
2025-10-22,OFF_toss,138.92,44.0,1.0,2488.24
2025-10-23,OFF_toss,136.04,58.0,6.0,6633.04
2025-10-24,OFF_toss,150.58,65.0,1.0,982.3200000000002
2025-10-25,OFF_toss,114.71999999999998,59.0,4.0,4913.01
2025-10-26,OFF_toss,93.00000000000001,73.0,9.0,16951.82
2025-10-27,OFF_toss,117.02,62.0,3.0,3846.75
2025-10-28,OFF_toss,138.61999999999998,49.0,5.0,5430.38
2025-10-29,OFF_toss,134.62,51.0,3.0,3722.53
2025-10-30,OFF_toss,140.16,60.0,3.0,3262.42
2025-10-31,OFF_toss,137.68,62.0,5.0,4742.7300000000005
2025-11-01,OFF_toss,119.13,60.0,6.0,8916.96
2025-11-02,OFF_toss,91.97999999999999,63.0,2.0,3190.6
2025-11-03,OFF_toss,119.61,40.0,4.0,5394.68
2025-11-04,OFF_toss,127.5,56.0,4.0,3833.6800000000003
2025-11-05,OFF_toss,144.15,49.0,3.0,3451.1600000000003
2025-11-06,OFF_toss,147.25,55.0,8.0,10255.48
2025-11-07,OFF_toss,144.86,53.0,4.0,5913.28
2025-11-08,OFF_toss,120.56,67.0,3.0,2102.3500000000004
2025-11-09,OFF_toss,91.63,49.0,5.0,5358.23
2025-11-10,OFF_toss,125.57000000000002,58.0,2.0,2420.27
2025-11-11,OFF_toss,125.87,62.0,5.0,5322.23
2025-11-12,OFF_toss,138.70000000000002,58.0,1.0,1029.15
2025-11-13,OFF_toss,147.47,43.0,4.0,3058.8
2025-11-14,OFF_toss,143.41,57.0,3.0,2203.6099999999997
2025-11-15,OFF_toss,120.22,63.0,0.0,0.0
2025-11-16,OFF_toss,92.17,73.0,5.0,4870.7
2025-11-17,OFF_toss,110.85,45.0,6.0,7591.030000000001
2025-11-18,OFF_toss,121.8,41.0,4.0,4444.69
2025-11-19,OFF_toss,146.79000000000002,63.0,3.0,3417.8600000000006
2025-11-20,OFF_toss,140.85,53.0,1.0,1056.81
2025-11-21,OFF_toss,149.0,49.0,3.0,4664.64
2025-11-22,OFF_toss,111.28,79.0,4.0,4087.08
2025-11-23,OFF_toss,96.53999999999999,45.0,2.0,1140.98
2025-11-24,OFF_toss,123.85000000000001,44.0,2.0,2268.7
2025-11-25,OFF_toss,133.76,49.0,3.0,3067.57
2025-11-26,OFF_toss,141.44000000000003,55.0,2.0,2806.79
2025-11-27,OFF_toss,138.24,55.0,5.0,5475.55
2025-11-28,OFF_toss,141.73,50.0,4.0,6473.46
2025-11-29,OFF_toss,109.21000000000001,60.0,4.0,6254.249999999999
2025-11-30,OFF_toss,95.69,50.0,3.0,6183.59
2025-12-01,OFF_toss,132.73,49.0,4.0,5225.38
2025-12-02,OFF_toss,157.85,50.0,5.0,4505.07
2025-12-03,OFF_toss,154.48000000000002,49.0,4.0,3229.6499999999996
2025-12-04,OFF_toss,162.20999999999998,66.0,3.0,5570.26
2025-12-05,OFF_toss,155.76,55.0,1.0,1469.87
2025-12-06,OFF_toss,126.10999999999999,75.0,4.0,5365.87
2025-12-07,OFF_toss,101.75,64.0,3.0,2764.59
2025-12-08,OFF_toss,126.75,43.0,3.0,2311.1000000000004
2025-12-09,OFF_toss,134.48,48.0,3.0,4542.6900000000005
2025-12-10,OFF_toss,158.63,52.0,1.0,741.56
2025-12-11,OFF_toss,153.26,68.0,3.0,2250.4
2025-12-12,OFF_toss,160.88,64.0,9.0,9861.32
2025-12-13,OFF_toss,126.32000000000001,61.0,4.0,3307.9
2025-12-14,OFF_toss,108.35999999999999,58.0,5.0,4103.4
2025-12-15,OFF_toss,138.84,60.0,2.0,2518.53
2025-12-16,OFF_toss,141.85,62.0,3.0,2141.08
2025-12-17,OFF_toss,154.53,57.0,5.0,4852.88
2025-12-18,OFF_toss,145.83999999999997,58.0,4.0,6437.76
2025-12-19,OFF_toss,166.39,60.0,3.0,2836.3500000000004
2025-12-20,OFF_toss,125.27999999999999,66.0,3.0,2838.18
2025-12-21,OFF_toss,98.84,57.0,6.0,6018.07
2025-12-22,OFF_toss,122.94,50.0,1.0,793.23
2025-12-23,OFF_toss,153.21,42.0,3.0,3223.2200000000003
2025-12-24,OFF_toss,145.61,49.0,7.0,9016.68
2025-12-25,OFF_toss,154.75000000000003,60.0,3.0,4372.05
2025-12-26,OFF_toss,151.65,61.0,2.0,2915.84
2025-12-27,OFF_toss,117.6,72.0,4.0,3268.43
2025-12-28,OFF_toss,106.39,64.0,6.0,6178.219999999999
2025-12-29,OFF_toss,132.02,46.0,4.0,4099.129999999999
2025-12-30,OFF_toss,158.88,65.0,3.0,2523.4400000000005
2025-12-31,OFF_toss,156.03,54.0,5.0,6859.66
2026-01-01,OFF_toss,161.0,58.0,5.0,4496.94
2026-01-02,OFF_toss,191.31,60.0,3.0,3627.11
2026-01-03,OFF_toss,141.78,65.0,2.0,2096.46
2026-01-04,OFF_toss,115.32000000000001,59.0,6.0,4781.39
2026-01-05,OFF_toss,156.41,56.0,8.0,8525.31
2026-01-06,OFF_toss,162.07,49.0,4.0,4181.15
2026-01-07,OFF_toss,181.43,57.0,1.0,2687.76
2026-01-08,OFF_toss,165.08,67.0,3.0,3162.91
2026-01-09,OFF_toss,183.53,71.0,3.0,5121.360000000001
2026-01-10,OFF_toss,144.66,64.0,2.0,4619.13
2026-01-11,OFF_toss,111.72999999999999,57.0,5.0,3951.4
2026-01-12,OFF_toss,153.94,59.0,3.0,4706.59
2026-01-13,OFF_toss,163.73000000000002,65.0,7.0,8865.41
2026-01-14,OFF_toss,178.62,51.0,2.0,2556.4300000000003
2026-01-15,OFF_toss,171.17,58.0,5.0,3040.02
2026-01-16,OFF_toss,178.69,60.0,4.0,5093.98
2026-01-17,OFF_toss,134.14000000000001,59.0,4.0,4855.8099999999995
2026-01-18,OFF_toss,116.28999999999998,61.0,3.0,3000.26
2026-01-19,OFF_toss,160.25,53.0,2.0,1317.8899999999999
2026-01-20,OFF_toss,155.76000000000002,61.0,3.0,4475.5
2026-01-21,OFF_toss,172.86,54.0,4.0,4581.8099999999995
2026-01-22,OFF_toss,177.72,63.0,2.0,1114.1799999999998
2026-01-23,OFF_toss,174.0,72.0,5.0,6558.97
2026-01-24,OFF_toss,142.14000000000001,63.0,7.0,9330.54
2026-01-25,OFF_toss,104.38,61.0,2.0,1835.05
2026-01-26,OFF_toss,152.89,67.0,1.0,1430.41
2026-01-27,OFF_toss,161.85000000000002,57.0,4.0,4323.74
2026-01-28,OFF_toss,175.25,63.0,6.0,5475.92
2026-01-29,OFF_toss,177.14000000000001,59.0,7.0,12846.58
2026-01-30,OFF_toss,182.63,62.0,4.0,4862.88
2026-01-31,OFF_toss,136.44,50.0,2.0,1408.8600000000001
2026-02-01,OFF_toss,86.14999999999999,67.0,4.0,5314.57
2026-02-02,OFF_toss,111.85,58.0,2.0,2963.2799999999997
2026-02-03,OFF_toss,124.41999999999999,51.0,8.0,7106.92
2026-02-04,OFF_toss,136.92,41.0,3.0,2226.5099999999998
2026-02-05,OFF_toss,130.72000000000003,50.0,5.0,4808.04
2026-02-06,OFF_toss,141.57000000000002,43.0,1.0,1430.04
2026-02-07,OFF_toss,105.39000000000001,54.0,4.0,2674.01
2026-02-08,OFF_toss,92.86,49.0,3.0,2389.71
2026-02-09,OFF_toss,116.68,52.0,2.0,1916.26
2026-02-10,OFF_toss,118.48,48.0,1.0,613.69
2026-02-11,OFF_toss,123.75,47.0,1.0,731.07
2026-02-12,OFF_toss,130.52999999999997,66.0,4.0,3566.94
2026-02-13,OFF_toss,148.06,56.0,1.0,432.23000000000013
2026-02-14,OFF_toss,112.04,41.0,7.0,7123.58
2026-02-15,OFF_toss,90.26999999999998,55.0,1.0,1689.81
2026-02-16,OFF_toss,110.71000000000001,57.0,5.0,6384.54
2026-02-17,OFF_toss,114.83,38.0,5.0,6933.75
2026-02-18,OFF_toss,133.39999999999998,56.0,2.0,1673.48
2026-02-19,OFF_toss,128.63,56.0,2.0,1629.3
2026-02-20,OFF_toss,138.21,53.0,5.0,5351.549999999999
2026-02-21,OFF_toss,102.33,37.0,3.0,3601.6
2026-02-22,OFF_toss,83.5,44.0,0.0,0.0
2026-02-23,OFF_toss,117.22999999999999,39.0,3.0,2339.0200000000004
2026-02-24,OFF_toss,128.87,53.0,2.0,1384.88
2026-02-25,OFF_toss,132.36,50.0,1.0,1585.44
2026-02-26,OFF_toss,130.84,50.0,1.0,1447.42
2026-02-27,OFF_toss,146.60000000000002,55.0,1.0,991.31
2026-02-28,OFF_toss,110.07000000000001,62.0,3.0,2861.0699999999997
