event_id,event_time,channel,spend
0c91cee0-b48f-40c5-910d-76f9e810298a,2025-10-01,카카오,1937381.840898841
02bea629-623b-410f-a9a4-0e14a5e094a1,2025-10-01,토스,1937381.840898841
01314ec1-5339-477b-8337-82ba8528b13d,2025-10-01,구글,1937381.840898841
74f3938e-4bcf-40c3-8c5a-81374145d316,2025-10-01,메타,1937381.840898841
0e71eaad-9f84-4297-af84-8e4043fd7882,2025-10-01,네이버,1937381.840898841
e5cb65ec-c881-4330-9213-51c9da43666f,2025-10-01,쿠팡,1937381.840898841
4eb2ecbe-a077-4468-8998-d13a7a679cff,2025-10-02,카카오,1890876.588256447
0f22c81c-197e-4974-aa73-f12dc87dcbaa,2025-10-02,토스,1677562.03212875
203ca53d-b552-4e85-986a-8b68b92f2a44,2025-10-02,구글,2074912.6758960285
f8ddfeb1-aac8-467c-b666-b9102cda17da,2025-10-02,메타,2095825.8676732536
0baa70ed-7482-4350-bc53-444cb560cf52,2025-10-02,네이버,1786310.629370321
c27f8ab4-1fd1-4c9a-b2ef-501601e7c834,2025-10-02,쿠팡,1598091.9033752945
91352aa9-53ce-4fe8-a59e-aeb4add0bfa7,2025-10-03,카카오,1835277.8122057195
079d3f02-9e9a-41a5-a955-3c551d8c2cec,2025-10-03,토스,1499605.741025032
d41ebb7e-6a66-4b57-8c7b-c81ccd4d7142,2025-10-03,구글,2261794.0842774557
755c3bc4-6cb1-4367-9e07-fcc988049463,2025-10-03,메타,2042376.4474632754
4ba580d1-5e4e-4ec3-8871-bc8b09f89efd,2025-10-03,네이버,1682061.934733624
30f69cb5-6698-4a4b-abb2-72fce076d1b1,2025-10-03,쿠팡,1317236.5509012453
9b70e716-2a9a-4c41-a9b9-d5ee1a8a46f9,2025-10-04,카카오,1908725.9866950535
b916d79e-1323-4038-9eff-1c2fed59c3c1,2025-10-04,토스,1369161.6099633335
4d4fd894-a7dd-46b3-8be4-53dab980a84d,2025-10-04,구글,2366876.8866352066
61ca212c-5f84-4894-8a8b-1b3d071b98b4,2025-10-04,메타,1972547.1470976076
07561baf-c12e-43c0-b04a-6cf09791b703,2025-10-04,네이버,1622601.854949837
8aceb4e3-4342-4e68-8a20-548185de96cf,2025-10-04,쿠팡,1140499.265804205
fd20fd47-fff7-47d9-9277-5d0bff7c1df2,2025-10-05,카카오,1996723.9399813944
c745fa48-5ad2-4320-a1bc-24de27b91a34,2025-10-05,토스,1277162.2730710567
87c43a3a-ac6a-457f-b559-b058bd8a9fe0,2025-10-05,구글,2504492.12926096
b65d68a7-8b3e-43d4-b6e4-e1170fa8608f,2025-10-05,메타,2068545.5800381184
d369548b-450e-4328-b67f-32901a986fef,2025-10-05,네이버,1579217.2838057296
651cc6b6-3ab8-4aac-bdbb-fdfcbb34ea3c,2025-10-05,쿠팡,1018357.322006603
3d35cebe-f6c1-4798-af30-36c6a75f9303,2025-10-06,카카오,2109783.9338825215
0ad9c5c9-43f9-4ee2-8036-0ceb2cdc7214,2025-10-06,토스,1236112.1639434944
4e3fba55-7d31-4d3e-8b5c-78149ebd3b0a,2025-10-06,구글,2619507.930117207
4b046dc0-4639-4c1b-b7db-b190956499ed,2025-10-06,메타,2175381.1234144415
8718fc43-15a8-4cdd-bdd3-cdcc122babc1,2025-10-06,네이버,1614824.468909007
6f10631f-70a2-4255-9872-07cf828871c3,2025-10-06,쿠팡,962515.829136325
06517f52-7df8-4f76-8f40-8d442d968588,2025-10-07,카카오,2230234.1116969623
93549e01-c27d-4ba5-aef3-17f474a23df6,2025-10-07,토스,1215290.895729966
ab22c9a0-fe4c-47de-bb8f-95a2061710ac,2025-10-07,구글,2755103.9046688485
3ccae603-1b2a-40a9-9a94-0c8bb5e77aba,2025-10-07,메타,2231322.3217456234
f9102fbe-381a-48bf-aadb-43280ba8d750,2025-10-07,네이버,1616608.819633379
41c4f135-abca-432e-bf42-d0609095c395,2025-10-07,쿠팡,905440.1040557013
90bfa19d-c05d-41d6-8aea-3da7c6c2fb48,2025-10-08,카카오,2243794.815402986
721b0a19-04bc-49e7-b1b9-c63c0feb2d86,2025-10-08,토스,1165330.6610394125
d0fa621b-0761-4846-9aa1-475930481277,2025-10-08,구글,2789648.200916945
61187a9f-f902-45e9-87e8-52954e626100,2025-10-08,메타,2382002.501302833
56c961ee-966e-4bdb-86c6-9a789dc37acf,2025-10-08,네이버,1537125.093453261
fde7afb8-5327-4a38-8135-77892599786e,2025-10-08,쿠팡,830333.5570081563
d54050fa-6975-46c3-bcd6-da71f54c4a29,2025-10-09,카카오,2212808.926691452
d6d90427-0e8d-41b3-ae09-a8298efb90b1,2025-10-09,토스,1075919.8875829398
3cf07aa8-8258-48de-b3a2-67a5b5d5b515,2025-10-09,구글,2761867.767380523
f4b7bafd-dbfc-4b62-af73-65529ad346c6,2025-10-09,메타,2432259.489878642
db12e308-c665-4377-b997-7c3ac3e64c6b,2025-10-09,네이버,1451262.8981667045
37720759-4561-4360-ba27-9a4fad02eae9,2025-10-09,쿠팡,754614.6848195409
62bfdbde-a466-4dad-8021-aa57fece2095,2025-10-10,카카오,2170526.1057180963
276d6e59-6784-42bc-83d6-be8ef9927d7a,2025-10-10,토스,987159.6654594813
05818d0c-e02d-43ce-bd35-1dc18dd4edd9,2025-10-10,구글,2719288.844519706
d1b564ec-3a86-4a3f-a2f0-ed943df83255,2025-10-10,메타,2413028.180860649
064d6ce2-3b4e-4dbd-9722-581cb239d3e5,2025-10-10,네이버,1376848.6283245315
ed92278c-cba6-4930-a635-14ed4c46763e,2025-10-10,쿠팡,694194.2302700921
571fbfa8-2ffc-42ac-8ea4-5a61bc069231,2025-10-11,카카오,2165146.5742836567
514b0f48-611f-4771-b6a9-a81dec23df05,2025-10-11,토스,923042.9855880578
1ad28801-0591-45de-ba7e-2b1ed3ec0fba,2025-10-11,구글,2720932.7798809633
8e534cea-239c-4226-96a5-96444314b070,2025-10-11,메타,2422318.135814446
75b5a52e-b37b-48e7-a885-6e22ffd09272,2025-10-11,네이버,1317943.1200766165
e17bea49-8007-4910-83c7-6f6901021c0b,2025-10-11,쿠팡,657184.9921582654
9c10c6cc-7925-44ac-a11d-11fb1547cfde,2025-10-12,카카오,2232244.419422171
f9b1ac60-24f4-4970-895a-4ddf7f361f82,2025-10-12,토스,894908.5223165117
93c321ef-2f54-4ae0-93bc-dd4d6560815c,2025-10-12,구글,2784514.282032673
5598adec-998b-4d7d-a268-1970f0dee441,2025-10-12,메타,2446996.2697712877
961b7c11-5048-4d60-aa2c-5c1cf443cb8e,2025-10-12,네이버,1334832.5880362694
6d2255e0-1a80-46d8-8624-3f98ae6a5a38,2025-10-12,쿠팡,645872.1166383221
4de3d59d-3b1a-4ee6-9b4f-7ecfa6befe8a,2025-10-13,카카오,2327158.240401199
a464682e-e9a1-4af8-8bed-a4386fb115f0,2025-10-13,토스,886648.9913374193
cda449e8-fa61-45fb-9edf-c9e8d7e20c83,2025-10-13,구글,2898680.450859504
18900688-e1ff-43ef-b70f-9c52671d55b7,2025-10-13,메타,2548548.3684791606
6ed73560-a695-4a4e-88d9-ac55f0df7e48,2025-10-13,네이버,1346812.711476506
9f83ba86-091b-4189-8232-b7c6e31c358b,2025-10-13,쿠팡,651400.4759028509
620a5940-a784-4984-8774-b221b6210629,2025-10-14,카카오,2394671.6463427846
ea7bd9ec-4792-4c71-b061-77f824000ab5,2025-10-14,토스,872008.829529521
e210d0be-b296-4167-9ab1-871c274c11bc,2025-10-14,구글,2982974.195280073
93d27993-e8f3-4db9-b39d-2c3d5bbfbd86,2025-10-14,메타,2658866.889816975
09cf7377-4c31-4d6d-83b3-30fa10496d0a,2025-10-14,네이버,1360196.4500670703
dbb96b70-4fd1-45ce-8c55-740b24ba7653,2025-10-14,쿠팡,657719.7354093525
1d6a11fe-7779-4c6e-8eee-b3ab6cbb940b,2025-10-15,카카오,2421922.4558855128
82e1e39b-0d31-4389-a1b8-42b3c63740ea,2025-10-15,토스,847650.7327849807
1dd49470-0490-4afc-9ae1-8497511fc739,2025-10-15,구글,3040936.548239748
3f9b4d7c-cc9a-41b0-99b2-849e2419b707,2025-10-15,메타,2605074.8166389004
f2695b6e-8b13-4c27-bcee-8afb9b08f888,2025-10-15,네이버,1373947.8979007644
a3394fd4-a231-4c10-89b8-4f84e5213889,2025-10-15,쿠팡,652127.4815516439
2eac43f4-8708-48b8-aeed-dc988e983732,2025-10-16,카카오,2368280.366548279
52340f96-be0e-478d-8ef3-666dd9a2865c,2025-10-16,토스,806816.0101047131
4ac4678b-ee2c-4a02-b941-5f7f9d0a2f70,2025-10-16,구글,3027705.714319435
59ef9321-ee15-4320-af88-46ee4a730be2,2025-10-16,메타,2513151.5399070117
a96f5fe1-4d4b-4318-832e-4e359d911b22,2025-10-16,네이버,1345972.8587988913
3c9c16d4-b858-45fb-9e41-9f1039e5dfab,2025-10-16,쿠팡,634102.2546012884
82510161-b80e-4b3a-b1f7-4134cdb37e29,2025-10-17,카카오,2317518.8867845554
8a5618c3-5581-4492-bb83-6e5678a27af9,2025-10-17,토스,752983.2761697173
5419a0ab-6a30-4342-b767-9502d9a37004,2025-10-17,구글,2967960.5466861976
4b68f70e-b8d2-422a-91cd-23c2281c36f6,2025-10-17,메타,2448676.365357016
8ce58944-97ad-47db-96dc-afc68671bf93,2025-10-17,네이버,1278482.9458684423
c48f72cb-7cf1-48a4-b03b-52568597febb,2025-10-17,쿠팡,612156.8319665504
20532353-3bef-4457-a355-a4ca798accaa,2025-10-18,카카오,2270309.607718197
ae560d61-a39f-49d1-b552-811a7952d567,2025-10-18,토스,709546.5864635119
6f64f95b-c91b-4ac8-9687-788f086a4fc2,2025-10-18,구글,2950737.8997700037
93be1076-9d67-4be6-a656-820e319c7d57,2025-10-18,메타,2444895.7051771646
9bb9c322-98b1-42a7-8bf8-7d1523409e36,2025-10-18,네이버,1252886.540641446
4e283ff6-d1bc-4b27-b3c4-c9254b3bd317,2025-10-18,쿠팡,602214.6496630528
29bdd950-9935-4b76-84a8-6caa27264b0f,2025-10-19,카카오,2279320.020628754
b226ca45-5261-4369-9274-03410efaadae,2025-10-19,토스,680174.9748285104
090773c1-f786-4e3f-a67a-3163a9223a23,2025-10-19,구글,3012390.163599387
1b03f689-c556-474c-b1c3-77ee6ecf4cdb,2025-10-19,메타,2549364.3149205507
f6a5bb42-1ad1-4ce9-949b-6859acbc351f,2025-10-19,네이버,1238447.5580750043
940efdaa-c5f1-4da4-982f-f4610e747ed2,2025-10-19,쿠팡,610321.6280307611
1e5b6623-086c-4671-8145-a2da3d44558c,2025-10-20,카카오,2362358.3131422442
6d82ae46-aac8-4dce-9de3-fcf3d894fd76,2025-10-20,토스,675027.3175791383
adc6fd25-c645-48be-93a4-992d7b8e8751,2025-10-20,구글,3122621.5260426337
50a42154-4e72-4def-9257-e72663e3dae4,2025-10-20,메타,2653328.1649927353
60f78dba-4044-4a73-abfc-9a7b48de187f,2025-10-20,네이버,1253262.044017404
6c2bfb19-2749-4e0d-a510-c617324a08f6,2025-10-20,쿠팡,629622.6421606012
16363b39-29f7-4a16-bf09-ca9033735a9f,2025-10-21,카카오,2397724.8761167307
43a9e818-ca49-40a4-9b60-338d8dd1a1e9,2025-10-21,토스,676125.4291144536
344c7cf6-6cb9-4674-8ac7-ba09702f3438,2025-10-21,구글,3216492.35536778
bd3a1a4f-ac8c-4b5b-8625-0217e8fdf3b0,2025-10-21,메타,2752252.3787693568
32bcee0c-d5c0-4ac6-b7f1-93ddaccd6b8a,2025-10-21,네이버,1279639.2232196396
3b67da12-6231-4411-8a34-1f6f4fc08f74,2025-10-21,쿠팡,646612.3900924046
d2566798-53b5-4efa-a3ba-455b2d8be50f,2025-10-22,카카오,2403901.8922216133
7c455d32-b558-4fdb-99df-ba5b394ab0a6,2025-10-22,토스,666019.0588311877
db101088-a953-49ed-bc29-e9c4bdf0e3b7,2025-10-22,구글,3223407.6805230207
27c0c8ff-65a1-411d-a03b-78bb7d5a4d05,2025-10-22,메타,2769796.2696112
f3b442c5-fc0a-4ddf-96f0-94c87814f99a,2025-10-22,네이버,1277938.654319683
a3cf7907-28f2-413d-9a36-773dc6b81e46,2025-10-22,쿠팡,646835.5834668557
31b7578b-a957-4a74-a204-c6c7031494fc,2025-10-23,카카오,2355023.9920840664
9acb0a15-62a2-4b98-8f5d-8b50c795fced,2025-10-23,토스,643702.5638051059
97357880-de64-4da6-9d12-c6006abd9f0f,2025-10-23,구글,3149165.870164133
ba601038-a89a-414a-bf39-4481b4d3ce80,2025-10-23,메타,2718509.3175157434
b3185de3-de49-47fa-88e9-60114ab4d490,2025-10-23,네이버,1246828.6784186307
18fa45d9-71db-4a09-a325-169f9cedea7e,2025-10-23,쿠팡,631233.30481829
340eb57e-96fd-4470-b42a-734276aa4f44,2025-10-24,카카오,2296505.4711182592
ce6f106a-5b05-4634-a11b-6a76069e2471,2025-10-24,토스,620800.9046483077
de0d9530-2311-441b-b53c-53a654e0c971,2025-10-24,구글,3058929.0064816307
568ed00d-99d5-436e-bfd5-edbd2839992c,2025-10-24,메타,2618840.0947408797
ed3f13db-77ad-41c5-9d48-07723c58a314,2025-10-24,네이버,1219956.3267978919
e8e92127-94bd-432c-b62c-a612f1a81e9b,2025-10-24,쿠팡,612695.8863068774
6eb7c19c-9eb0-4775-9f8f-99386cbf1f28,2025-10-25,카카오,2257884.657203515
c4f60539-e3b9-46be-87f1-b4205554e921,2025-10-25,토스,609834.159034739
91ccc958-c4c2-423f-a836-cfcd39c1e9ee,2025-10-25,구글,3019871.709279755
f841bc43-9fdf-43ce-98a0-1a42abc27850,2025-10-25,메타,2586261.3627099306
5040f395-9dc6-4087-aa34-adaeda8102b7,2025-10-25,네이버,1204335.8754436956
166a7d8f-48b3-4c99-a45f-30869bbcc170,2025-10-25,쿠팡,604565.8971128094
d414c4d6-05a0-4b1a-83df-5875326076eb,2025-10-26,카카오,2267590.43260612
71d0b026-6f0c-4135-a78b-53bb565f4058,2025-10-26,토스,622126.3636826563
758150bf-c2cf-4dee-b2f5-db4bf2f30e16,2025-10-26,구글,3091587.4125822205
8960a4e5-c12a-4e38-9842-ab237919c397,2025-10-26,메타,2621061.6506435955
9da964df-5302-4d4a-8fb2-a1562cc7052c,2025-10-26,네이버,1204842.2079613493
1f2515a0-b1e1-4454-8806-1d80770396ca,2025-10-26,쿠팡,618701.993433402
f3ca743c-8573-40af-bdcf-b8599a14aa6c,2025-10-27,카카오,2323353.684169696
79ba52e7-6626-465f-8e0c-0a8a2a4f689c,2025-10-27,토스,645194.1999337268
c2c28abe-95e7-49ca-bde8-2b9cc8163e10,2025-10-27,구글,3213592.135878444
a63737ac-73e3-4d0e-84b2-300b3e4d8f5e,2025-10-27,메타,2709270.7380010113
ea8067a0-4a96-4eba-9abb-705aececcfce,2025-10-27,네이버,1222560.8350429365
eda40f1c-743b-47cf-bd82-d58f50b597ee,2025-10-27,쿠팡,642968.3592717114
68a6c741-6d15-49eb-b327-a02636ff37a1,2025-10-28,카카오,2381761.3987761745
2a02299a-6fd1-41cf-84ff-1493c8610ccf,2025-10-28,토스,661589.6342113336
3146027c-4b3b-417e-89a0-cb991ea9c585,2025-10-28,구글,3299901.909593045
69ed47e7-b798-46a8-a332-3ffea4e13e2c,2025-10-28,메타,2786681.947573864
d48d58a9-216c-4d86-9554-0faf7b167eed,2025-10-28,네이버,1244019.4123920773
4aecfb67-1d69-4660-8882-9e3647f4411b,2025-10-28,쿠팡,660142.8377810237
6148b69d-5eee-460c-b605-e90e8b8f59d5,2025-10-29,카카오,2402104.0802927446
bbe5c1e6-2b13-4aaf-8bc6-4d43be75f09b,2025-10-29,토스,666973.4806196619
6bbfc6b3-0518-44db-a15e-e20361dcc049,2025-10-29,구글,3329637.3331469544
c4068b4e-ec0b-40ac-b97c-535c118eb553,2025-10-29,메타,2743184.6113129817
391f7eda-257c-4ee5-91e6-57bf82bc23e7,2025-10-29,네이버,1248115.1082774391
ffbcb51d-a876-4e98-ab54-7c068ba50084,2025-10-29,쿠팡,666033.0629399604
11702bd8-4530-404f-908c-df727a6fe6af,2025-10-30,카카오,2333118.2642824193
d7a5e0df-9a9b-4a1d-a37c-fdd1aeac0968,2025-10-30,토스,655590.7991978313
c9d18bf2-417e-4a87-9457-6a17884d34bd,2025-10-30,구글,3274554.450520776
369b399e-1652-4ebe-ac85-73568e52be85,2025-10-30,메타,2685884.6045741634
2cb94510-0418-4d31-91b0-5effe3bbaffd,2025-10-30,네이버,1209556.6696545947
86f7c34c-113a-4198-b529-9dd1e8aa5b8b,2025-10-30,쿠팡,654979.5277060254
9970f27d-67c0-424f-8554-26a3f99eb246,2025-10-31,카카오,2215801.7741496977
2ffb23d4-3c34-4143-a467-b70d204272c1,2025-10-31,토스,640782.5784265427
80f02cce-ac21-49a2-acd5-2045dadaffd3,2025-10-31,구글,3201703.187578266
7984dea3-72ba-4306-a36a-9dc416739ba2,2025-10-31,메타,2642446.807218431
70e44605-7a93-4039-b1fe-3fb52483b909,2025-10-31,네이버,1156274.8420259445
546c8327-e5c6-49e1-a1cb-698a11eeb9e0,2025-10-31,쿠팡,640385.2519568688
ccb84298-457b-48e7-8d35-74ca066fd76d,2025-11-01,카카오,2168397.2082237694
05929d4e-8343-4354-89fa-663a30e624e1,2025-11-01,토스,634746.0072134705
3bb13c4e-b999-4f31-afdc-c901971bfb90,2025-11-01,구글,3172293.728106962
2489738c-805c-4e82-ac27-b6696b6138a8,2025-11-01,메타,2618862.8507510223
20a403d0-343c-47bb-ab3d-e697c1170678,2025-11-01,네이버,1125210.2900713708
de97856c-cadd-4d02-b97d-b560794b6e69,2025-11-01,쿠팡,634487.7450081825
359add95-de3c-43f8-a506-0791b5d390ab,2025-11-02,카카오,2252945.491902363
6f5598a4-c9d9-4597-9361-a71a15a14574,2025-11-02,토스,639279.667436665
f7492e5a-71e1-4c1f-b2ed-e7ad93933e96,2025-11-02,구글,3195464.7370090713
6991c9b5-5424-493e-b3d7-1de2a925e54c,2025-11-02,메타,2631640.2639518273
b28e35c2-3bb0-4f79-9e12-ad2ca0e00e06,2025-11-02,네이버,1142393.8287740038
afffecea-5e33-4a65-b609-6085ffed8a45,2025-11-02,쿠팡,639111.7970032278
54d94bc8-14f5-4765-b068-fc5d14de4004,2025-11-03,카카오,2365429.1951671145
082a874d-29cf-42e5-a178-968f1a58ef8f,2025-11-03,토스,655245.6261313139
e620a127-3144-4d34-ba0e-70fc584dc47e,2025-11-03,구글,3275621.2905433048
cb60c7df-a425-4f05-af3a-87254d18068a,2025-11-03,메타,2674578.5675578266
b66c4c73-dba5-4e98-859e-604c62ea3a2b,2025-11-03,네이버,1211010.3407054234
93e92a80-fdca-4c14-a9b7-a6fc2b302450,2025-11-03,쿠팡,655136.5103495796
20dd51ea-c1b9-4c90-856f-5b353ae06a90,2025-11-04,카카오,2473466.5793010285
0673b93a-5778-4c3a-a8be-649d99aafcd4,2025-11-04,토스,670463.1981684278
2fa25502-724c-47f6-b4d1-b0dac8f67d2b,2025-11-04,구글,3351921.544768517
6296ac38-d53c-4df7-9d1c-70978558a5ff,2025-11-04,메타,2706649.912305988
88ae0dcb-45da-46b7-9ff5-20d12d2e4083,2025-11-04,네이버,1246070.398817088
94959d72-16c2-4240-afe1-277ddb40bbaf,2025-11-04,쿠팡,670392.2729103005
a80393cb-7d63-40a8-af9e-6df31354829e,2025-11-05,카카오,2528469.1734363213
0af0c2eb-d484-4a73-a010-571d56736f88,2025-11-05,토스,665409.0402373725
620941d2-8bb1-4680-b1d1-bd0ae446189c,2025-11-05,구글,3326788.811239008
78a80582-515d-4bfc-b313-d4ed65b820f2,2025-11-05,메타,2709771.5505047296
ce011bed-f8a2-4bab-9181-e606dc9123a0,2025-11-05,네이버,1247834.8610183683
bb08ce28-99b1-4d53-b420-2bfd50ee48ab,2025-11-05,쿠팡,665362.9388195898
15cb7717-c57e-4666-996a-3cead2937d4b,2025-11-06,카카오,2534522.8007587073
f2c615fd-b388-4850-919c-43d8141380d8,2025-11-06,토스,646341.0844760769
6d6cb1f5-8172-4b2f-ad11-cc518f670fa8,2025-11-06,구글,3231538.7689142786
6a1f5e76-c672-4ef1-a478-5d3debb1530c,2025-11-06,메타,2634885.941967557
199519e9-8dfc-490c-9c38-43c708f0f1fc,2025-11-06,네이버,1208124.8679007364
8477539a-1f33-42a4-8c43-91473847b2cc,2025-11-06,쿠팡,646311.1185545181
37f6675d-8f5a-45f5-a7e3-f8ad947569c1,2025-11-07,카카오,2512154.0566647546
39b5ea12-6145-49b0-a08a-bb1835fe8c58,2025-11-07,토스,621257.1074241074
09c7cb35-b00a-492f-a050-e87c98cd6e96,2025-11-07,구글,3106177.2123675686
099a7021-a827-4aa4-9c86-241b09283a93,2025-11-07,메타,2561812.413517709
2992fa0e-9438-4943-b738-55ea4e40fbdb,2025-11-07,네이버,1162505.4953512752
1b4d2968-fae5-48fd-887f-c3e2f3053508,2025-11-07,쿠팡,621237.6295750942
be1d622a-7008-4604-9bc8-e98fa24231a7,2025-11-08,카카오,2545828.971594253
74e1fcc7-e363-4111-8560-e1d81c505dfe,2025-11-08,토스,607706.6185175793
eb957764-71c6-463d-a724-a79f3269745d,2025-11-08,구글,3038462.681498467
3dd7c8eb-a18c-4a8f-8264-b2e6be79de8c,2025-11-08,메타,2509235.749911338
ae50f4d9-b94a-4b45-a6f1-83845e2dcc0a,2025-11-08,네이버,1133956.6581027026
059c4730-040b-45a0-a614-1fedfa297db1,2025-11-08,쿠팡,607693.9579157206
9c0f0d47-18c9-4678-8169-e92b441875a9,2025-11-09,카카오,2596200.6804611483
2735994c-cbb9-4676-99d8-449710ca5278,2025-11-09,토스,614906.3906228363
1bbaeff5-e378-4aed-b2eb-9cc72666d62b,2025-11-09,구글,3074486.1859060526
af36da8d-c303-4898-88ba-75912626bbe2,2025-11-09,메타,2564815.3943476784
e463addd-b172-4e72-b48b-c228f88653b0,2025-11-09,네이버,1128139.312940733
8553926e-baff-4376-bf56-c9a3c8d8c60f,2025-11-09,쿠팡,614898.1612316282
c1e1e0c1-1170-4e40-ad23-65e10d5094dd,2025-11-10,카카오,2662367.986469542
0e394c88-7b9a-46c4-9553-35d66779ac92,2025-11-10,토스,633709.8078631577
681ce190-f7d6-4974-8722-6fda2b6178e2,2025-11-10,구글,3168519.2906305045
d13688f0-b6cd-4a0c-b6de-66ecfda95c7e,2025-11-10,메타,2722486.0832059365
1a2fa5c9-7f98-4138-bbc0-fb2db2cae5f0,2025-11-10,네이버,1114345.337842226
d5189d59-bfe1-435e-a751-49c9915c0ccc,2025-11-10,쿠팡,633704.4587588724
f4674aa2-6f93-4848-8954-cbd20c12f553,2025-11-11,카카오,2728567.8657185263
88522798-4d9d-4006-b6ef-75d1cba1e23b,2025-11-11,토스,647820.6977757983
221847ba-a8c8-4a63-ac33-4e5f3624165e,2025-11-11,구글,3239084.152233557
58ae8a71-6554-427f-81cc-0401e4b7229d,2025-11-11,메타,2849831.2626104294
ee77ddff-b454-44e3-a214-8915c9e52eab,2025-11-11,네이버,1108984.8632168246
81937c53-0e9a-49cd-8d66-53181954820c,2025-11-11,쿠팡,647817.2208580128
fd78d28e-a049-4502-b8a4-933c387dc16d,2025-11-12,카카오,2669894.4717650195
7e86c5cc-0530-4af5-9b08-5c053ca35fbd,2025-11-12,토스,650394.9370603908
6d1467cd-3f0b-48bb-979c-f844d00290fb,2025-11-12,구글,3251962.116482422
3a182c96-f7ff-4b6b-89ef-0d80bc100744,2025-11-12,메타,2973270.7644111104
d2b2cef2-fc80-4936-95c6-16a3c3aa9c3a,2025-11-12,네이버,1053409.083951232
80aea88c-876d-4448-a33d-2a6b21a2a16c,2025-11-12,쿠팡,650392.6770638303
a40c5400-ccd4-4a22-8d41-b296624aa57f,2025-11-13,카카오,2592848.6762155294
2958dc59-7f29-4b62-bc7d-28a7b99fa74a,2025-11-13,토스,634638.3916167981
87893b3b-45f0-4de5-92a7-2bdd991aa417,2025-11-13,구글,3173183.788351295
928002bb-0fc9-4cb0-96cc-67ab6e22f6d8,2025-11-13,메타,2966448.271758144
5a94a584-7829-4a7b-850c-f679078f6e6c,2025-11-13,네이버,1005506.1831550451
f479f0f3-af10-4d9c-926e-a40752cd0d8b,2025-11-13,쿠팡,634636.9226190338
87d34c2c-7f34-42dc-ac1e-7e0ec2aaa215,2025-11-14,카카오,2509835.148451651
b0ca0fb0-f4a5-4bf8-8f5f-47ccbccbfa0b,2025-11-14,토스,616474.1117660434
8df6b091-9f96-4325-a778-fcb05e919bb6,2025-11-14,구글,3082365.248503965
859c703a-1acd-47db-99fd-32d9edf6bc14,2025-11-14,메타,2882611.15586338
522332bd-0d8a-4eba-81cd-129c590b7572,2025-11-14,네이버,981915.737970682
211b0dce-7aad-41af-a27d-f0a63d796c48,2025-11-14,쿠팡,616473.1569174966
3c6cf9b3-aabd-4a4c-868e-0c6f6c9c03f8,2025-11-15,카카오,2453266.447266965
7e972e46-13a3-457e-afd0-7e4aaa5e0057,2025-11-15,토스,609127.6557632084
d3046b88-a1a9-4f81-b4e7-c90f58ce5743,2025-11-15,구글,3045634.827103978
e3e864f5-72d4-44e3-9ce0-fa1d0ce8ce17,2025-11-15,메타,2872156.949847263
ea9b6c6c-ffdd-4186-9e97-15b20dbccf0e,2025-11-15,네이버,958793.8918908132
0cfc04d7-c22d-4b1b-80fe-9fb3b0a4245a,2025-11-15,쿠팡,609127.0351116529
b864caea-ad82-44ec-9f28-145dba2a9a91,2025-11-16,카카오,2454822.1142086154
59aec3b0-7100-4880-b885-2cc16d1c61bb,2025-11-16,토스,620789.3076106284
ec7a5489-6f64-4fb4-a0bf-5a94d3fb839a,2025-11-16,구글,3103944.2944403
a15c0fe8-7689-42f5-a87a-872b3352d01b,2025-11-16,메타,2927425.796567829
686f3d55-adb5-404e-89de-4ee9f1ac98bb,2025-11-16,네이버,974616.4410250644
2ff3f819-bd67-4606-b96f-133b59d44b48,2025-11-16,쿠팡,620788.9041871174
e898a457-a99b-48db-9850-2529accd1ff2,2025-11-17,카카오,2496051.034709521
3c1e1698-c7c7-4563-872a-adcaf328177b,2025-11-17,토스,643536.3251540267
5b7ee9ef-dfb7-4910-a232-5d39289a9fa3,2025-11-17,구글,3217680.1674217866
ff19a087-7b74-4d10-894d-7de2ca866689,2025-11-17,메타,3044903.194261617
c416deee-20bd-4726-8778-0b228adb071a,2025-11-17,네이버,1004138.1183361502
2b857d28-f288-4938-8857-5336586cc115,2025-11-17,쿠팡,643536.0629287446
b6b2d330-2633-4a84-b7b8-b44c7059014d,2025-11-18,카카오,2536956.391377466
2fc736ca-24cd-41d9-a1f3-efdad87f5b16,2025-11-18,토스,668571.3701457117
ef0a7137-dfe1-4eaf-8736-7232de07e4a6,2025-11-18,구글,3342855.902802133
36b9c7b6-f4f1-4d9b-b5f9-b8b87f94c3dc,2025-11-18,메타,3105513.1677293265
c63d5bcb-61bb-493b-bd26-a3781f82c932,2025-11-18,네이버,1019556.3167210966
e32e748b-428a-43b3-a409-87f3da87c29e,2025-11-18,쿠팡,668571.1996992783
b8cb60a0-b13c-49dd-b7f4-1df662fc963a,2025-11-19,카카오,2560836.8766859025
31de4dcc-ebab-4c9c-b257-9fcfd9a51e14,2025-11-19,토스,676868.95609695
76a2d33c-4624-4f8a-82e5-e48c62436e51,2025-11-19,구글,3384344.1643325733
487cd6b5-e9c0-4c1d-8329-816f0cc3b792,2025-11-19,메타,3034199.9684135756
6e20ae9a-a80e-4348-90ac-5698ecbb719a,2025-11-19,네이버,1038457.6838262612
8ea71494-fb62-4362-a52c-a7f0437fed7b,2025-11-19,쿠팡,676868.8453067683
8ffd1575-7e35-4ce5-a278-f09129d364bd,2025-11-20,카카오,2504275.9854502305
37d5c15e-356b-4c4c-b861-f8df0633d827,2025-11-20,토스,665370.5772258188
7902d32d-9bef-4788-863a-a8a7ea5b559f,2025-11-20,구글,3326852.485630179
f2f12cfb-8320-4207-87ce-76426d678f6e,2025-11-20,메타,2958732.8230176633
595e8203-8983-404e-984b-5acee989533c,2025-11-20,네이버,1008164.1039246756
c26b0826-1672-4d84-94e3-28984f2b3b0d,2025-11-20,쿠팡,665370.5052122006
4753a1ea-386e-4e71-b795-0ec691e58039,2025-11-21,카카오,2437428.758423455
d3d0c3ee-5795-4eeb-a551-681d26d77b2e,2025-11-21,토스,646859.976936163
efb30bb1-382a-44b3-a05c-3d1b8d2f8650,2025-11-21,구글,3234299.6243565204
d2841d00-29ac-4db4-85a4-be3c585dcdeb,2025-11-21,메타,2871665.0277183736
7a274c26-7458-430b-b322-91333c723dd6,2025-11-21,네이버,972357.6631635958
db018256-389d-4b67-b8d3-c99c2ea50c9b,2025-11-21,쿠팡,646859.9301273113
b0f8e21d-e4d8-4723-a699-42bdb6b755db,2025-11-22,카카오,2388757.897396975
06e47406-2c0b-48c0-b78f-b14039f19015,2025-11-22,토스,637699.0210917484
07a40ad3-dac5-4982-a16b-8a9aba15c4f3,2025-11-22,구글,3188494.9362479504
5e2273b0-9b4a-43cf-a856-11d656de1a93,2025-11-22,메타,2853207.4759282623
29598e16-fcd0-406a-a6a2-bf1a19c14a19,2025-11-22,네이버,962281.1335851264
ad8e8013-f1ec-4b08-92a1-e8acfb07c77e,2025-11-22,쿠팡,637698.9906659947
a3d8448e-086b-4017-a1b4-0d741da95ab5,2025-11-23,카카오,2391158.2153475136
dfd834cf-97e8-4b88-b2cc-918f515ab23b,2025-11-23,토스,644114.9384835247
171019ca-cf53-4f7b-bb66-25ef5f875662,2025-11-23,구글,3220574.5824306095
1ca872a9-c43b-48d3-b63e-8310023d3f32,2025-11-23,메타,2968488.410372003
909268f2-4dd2-49c4-9f95-433271adafa9,2025-11-23,네이버,957628.5229522517
3d0836fb-72f9-4743-b7b0-baee93233116,2025-11-23,쿠팡,644114.9187067848
5f41ecdc-e279-438b-ac8a-f38c3b3b200d,2025-11-24,카카오,2446191.999773317
13bc62d6-8e58-4811-9d87-9fc2f4d1ec2b,2025-11-24,토스,663633.6374459316
60eb5820-8cef-4b12-99ea-3c3a75775ea7,2025-11-24,구글,3318168.1157380985
3a1a6a9c-9600-4c34-95fa-d22ffe71ae6f,2025-11-24,메타,3119445.391289741
15819c47-4636-4fae-93b6-b2e8e8288ccf,2025-11-24,네이버,968422.8200828165
314271d4-0ad4-44ce-9354-f21a272db7ab,2025-11-24,쿠팡,663633.6245910507
957fe1e9-93ce-4946-96d5-c58eb2bd10c0,2025-11-25,카카오,2490480.4211053886
8ce0f371-b30d-4ab9-b7a6-fe43ef3484b5,2025-11-25,토스,677627.9818881263
ab075aee-19fc-4fbd-94d9-6df8296f2a68,2025-11-25,구글,3388139.8629711187
0923e02e-357d-4eb9-9142-f166ec4a1c02,2025-11-25,메타,3258970.092079686
a2e08387-ba3e-422f-9534-464c2e69c31b,2025-11-25,네이버,984135.4197264872
d609460b-ec2f-492b-8409-f467db428125,2025-11-25,쿠팡,677627.9735324539
0979d4e6-40c8-4402-b005-b47690b6ff9f,2025-11-26,카카오,2476063.3727894123
a9624787-6504-458b-9b08-e73fbad16c51,2025-11-26,토스,677787.8481132619
87239264-a2a4-4ea5-9654-c382a5b7209f,2025-11-26,구글,3388939.210361126
8e7a8fca-b0a4-47ef-9507-9ec750e63f34,2025-11-26,메타,3304978.8592816945
8ae42a75-ef88-46ca-96f7-d04898377c31,2025-11-26,네이버,983065.8496974776
60f8b8c1-4abb-4162-a60a-e5739aec0649,2025-11-26,쿠팡,677787.8426820748
579224f8-3443-4095-957b-93a593270779,2025-11-27,카카오,2419138.0649781157
3454d49e-6dba-4cee-89aa-b6a71e7b1884,2025-11-27,토스,665301.8781768446
de68ab3f-ec27-4a95-99c6-c354dafb8330,2025-11-27,구글,3326509.371250854
41501194-d1f8-45ce-b72e-445761d0bdcd,2025-11-27,메타,3228158.053677682
8cf094e0-af7b-491c-a0b8-b7164410431a,2025-11-27,네이버,960068.2530179429
0f39792a-7dd9-4729-8f5b-4ae088a31114,2025-11-27,쿠팡,665301.874646573
216c42fa-e893-49d5-b97b-4962d6cbfc3b,2025-11-28,카카오,2350250.232567037
5158c6e1-6beb-4e14-bc4d-a694700d49de,2025-11-28,토스,648793.79349926
d2a92ac3-b2e6-4406-b00a-b7ab028b5e12,2025-11-28,구글,3243968.9547346104
31216b49-60d1-4284-b873-c8e4ff2a1938,2025-11-28,메타,3141534.5194708174
4b077a71-2acc-44c3-874c-58ba07810f24,2025-11-28,네이버,909456.833827978
0e2ab1e9-b9aa-45bf-a898-2405e7f54208,2025-11-28,쿠팡,648793.7912045835
2b13641a-9f2d-493a-bbdc-0345e0b8f501,2025-11-29,카카오,2301201.0413130503
679f1714-b6c5-4058-9d48-b5f92b6fa56d,2025-11-29,토스,642635.5785019494
babaad40-85d4-4043-a649-4a31c79a2265,2025-11-29,구글,3213177.884214649
2156c862-3da1-4797-936b-579543160463,2025-11-29,메타,3121753.7278735996
b0629259-596c-4675-82bb-04179647b8bc,2025-11-29,네이버,879840.3236836004
0bf2911b-2189-4f6c-bb6b-3ae28516210e,2025-11-29,쿠팡,642635.5770104097
b1abc31c-0e74-489d-a3f7-489aea2d1930,2025-11-30,카카오,2348675.747136105
42de64bb-4127-4d18-8881-15950e71a721,2025-11-30,토스,653239.4248243583
9b2c5c8e-6a6c-42fe-9206-cbce7a9f1867,2025-11-30,구글,3266197.118729978
ff2a2f6e-220a-4910-8abc-2fec26be0bd0,2025-11-30,메타,3152621.899646871
17af63cf-56dc-4676-8ec3-88a509745d74,2025-11-30,네이버,888759.2621270703
7141367f-f616-4897-84de-04decaf66a21,2025-11-30,쿠팡,653239.4238548575
deb28453-3d3f-4edd-8616-e993fa0593cb,2025-12-01,카카오,2453826.0851184437
25f02192-c7a9-40e0-9931-8b44ec946998,2025-12-01,토스,676662.3130046218
48e4b5c4-4b25-432c-983e-61d3dcdd32cd,2025-12-01,구글,3383311.56151843
e38546b3-f433-49fc-9665-8d50871948de,2025-12-01,메타,3197199.69061644
5c9a4d65-899e-4273-a8c0-1e5e3421a2c9,2025-12-01,네이버,934545.3439409159
6d4cac02-39ca-4506-9e13-6692822c67f1,2025-12-01,쿠팡,676662.3123744462
cfe30fb6-ea19-4aa8-b310-1076eb77af29,2025-12-02,카카오,2514244.9939462603
b3ce124e-7309-48d5-b3a8-27c138518020,2025-12-02,토스,697201.6945175201
6666ef3e-7f94-4cd0-9100-11d1d29df8d3,2025-12-02,구글,3486008.4703095593
141535a1-0f94-411c-9a1a-d2d1fec0b699,2025-12-02,메타,3264545.6524834046
7f732e9a-0b88-4bed-86d6-23d52844ccde,2025-12-02,네이버,965821.200339097
195f96bc-922d-4b66-b583-a446059b80fc,2025-12-02,쿠팡,697201.694107906
4d0039b2-b7ed-4e6f-b46c-3de546fe7ed8,2025-12-03,카카오,2528368.265704044
b5f37c23-7637-4e5b-a31d-4dc3f2bc0752,2025-12-03,토스,697604.0521221217
1cf0e981-d5cc-4800-9053-d49ee6c68dcc,2025-12-03,구글,3488020.259129882
1f54743b-4a5d-4f7f-86f9-a932326e0c3b,2025-12-03,메타,3275312.2118687527
6f0d8f2f-49fc-4e0c-834e-dcbba3f25044,2025-12-03,네이버,971569.8585910534
2033342f-ed5b-4e87-b7a0-3a51c841342e,2025-12-03,쿠팡,697604.0518558724
5e3bae12-d9b0-42c4-9eab-91a32125dcec,2025-12-04,카카오,2450499.8026926704
0f294310-7534-4aed-9f5e-a951caecc101,2025-12-04,토스,681362.1911093441
e0b8e05e-2e37-4d90-91d8-0cca699956d6,2025-12-04,구글,3406810.9545842484
9e36be27-bce7-4ee1-971d-63f409ffe3dc,2025-12-04,메타,3246278.4544283613
27e45b8c-4617-4c3b-ab35-6416ad232144,2025-12-04,네이버,946116.2138698449
de3788d6-0f95-4713-9f85-cc00f08ffb94,2025-12-04,쿠팡,681362.190936282
5881a1e3-9409-490c-8c81-11f579999881,2025-12-05,카카오,2332036.066654845
fe001542-0740-4852-a1ab-06de190bb659,2025-12-05,토스,661900.4720126643
37f337d4-5f1b-4e36-aae8-6877111fc8f1,2025-12-05,구글,3309502.359437715
b7833de9-4b66-4609-a9ab-e9ced2f6060e,2025-12-05,메타,3205156.2343363883
d00ab452-b2f4-4f34-a041-33f295a96b69,2025-12-05,네이버,917229.4438214827
655d3a7b-8031-4c12-9036-24676a4d3f13,2025-12-05,쿠팡,661900.471900174
5a44d668-16c0-44d7-8471-f6853de39932,2025-12-06,카카오,2295536.484165632
a165e969-0de6-422f-ace1-97b6e6f3457a,2025-12-06,토스,653913.6782768883
22eb9438-b0c0-487c-9fd5-cb87a3c4a6e2,2025-12-06,구글,3269568.390977797
32497815-9b3a-4cc7-8d00-df4c50ac616f,2025-12-06,메타,3178547.99081206
56a49a97-96dc-41dd-9c9a-25e8fb2eecc7,2025-12-06,네이버,894012.8957392847
b50bd00f-d325-45f5-af09-161e4ca547e3,2025-12-06,쿠팡,653913.6782037697
42994d11-add8-48bd-9830-a1c3ab9cec08,2025-12-07,카카오,2291394.065431105
0b61325c-4ea9-4bc8-99e3-83ef753d70a8,2025-12-07,토스,667687.1223495944
79e9ec1e-60bd-4256-a79d-7529dd7acb2c,2025-12-07,구글,3338435.611483653
f925e680-2a4e-400e-92dd-56b635fefbe2,2025-12-07,메타,3240191.158632218
aa7514cf-b47f-41bc-871c-307a10d5a409,2025-12-07,네이버,904972.5273153319
8efda551-590e-4b43-879e-3bf105d0e192,2025-12-07,쿠팡,667687.1223020672
e46bf53c-710f-4b46-8ca0-33277f88aa2f,2025-12-08,카카오,2329655.3569097766
e983cf87-8a88-444b-a86b-0a1352446fa1,2025-12-08,토스,691162.2944923511
5736575c-4ea4-4493-b774-78bca8855153,2025-12-08,구글,3455811.4722899487
39cf26d0-c5fc-4aa7-879c-a1b63161d14a,2025-12-08,메타,3391952.5779365157
8ba4c8d0-8638-462d-9ed2-797f91289fba,2025-12-08,네이버,916169.2029900213
64b0ab48-b4d4-4b96-8010-a536487e51a9,2025-12-08,쿠팡,691162.2944614586
0799dfa3-6016-4d73-9d4a-ba53f93d049f,2025-12-09,카카오,2399563.20183923
b2d61b8f-1ca3-4f3f-bc19-1bc812d08cf6,2025-12-09,토스,708564.3643259823
b5342c24-02cd-4c15-b0a4-4bd7827310ca,2025-12-09,구글,3542821.8215182377
e0340385-4d90-4e39-a19b-b197935a1453,2025-12-09,메타,3501313.5401885062
5e602c4c-ccab-4afc-b03c-7656e83d6006,2025-12-09,네이버,923178.8667620544
61dd90e3-c618-46db-8559-62c6d243e9f6,2025-12-09,쿠팡,708564.3643059022
3b91ab0d-e9c7-4035-a27e-42cee0e5fa90,2025-12-10,카카오,2415519.058428935
d8f3669a-f29d-40ad-8a33-6d41279b9cb2,2025-12-10,토스,709069.4966105006
2dfdac8d-bb59-4f2c-8725-53e24ec99cfc,2025-12-10,구글,3545347.482979915
c39e7e81-af9a-48df-b675-b1caca549923,2025-12-10,메타,3518367.1001155893
2859086f-d838-4dbd-a330-4fcbe7fc9172,2025-12-10,네이버,921600.688229181
cfe9af54-0db8-4868-901f-6c97f6233f54,2025-12-10,쿠팡,709069.4965974486
ca26441d-ad19-455a-a895-254bf7149553,2025-12-11,카카오,2344066.635873578
89861f11-8312-469f-88e4-cb9bf9b013ce,2025-12-11,토스,694121.3443505917
0b692e51-495b-4e79-beae-cb7494b6dd7b,2025-12-11,구글,3470606.721705776
6ca4d877-13fb-4ce1-9bb0-cbf24028f589,2025-12-11,메타,3453069.4728439646
8c8aa4e6-4776-4c77-9a88-381756b27235,2025-12-11,네이버,914495.1428680383
5dc8088d-6a3d-48b4-968a-8ff2154fd409,2025-12-11,쿠팡,694121.3443421079
90aac7ad-9c52-4e50-93fd-74319ddc9e7b,2025-12-12,카카오,2288810.004760746
73c4a396-da65-4cb9-96ff-72ab58246a1b,2025-12-12,토스,673017.4356985625
6e0d4e2d-746a-41b5-b967-c11c1ca3ac6a,2025-12-12,구글,3365087.178462144
0bd67a75-a8f6-44b1-bd64-07dc70c21892,2025-12-12,메타,3353687.9667019667
e1bd1275-841b-440a-be26-30d7479e6ec5,2025-12-12,네이버,888532.7898875974
e1ef198c-e20b-4e76-9fdd-5808036ed142,2025-12-12,쿠팡,673017.435693048
b98068ac-9f0f-469c-9160-9975e7e60ea1,2025-12-13,카카오,2270984.751494888
fc9f71e5-6fe5-4367-8174-8ae9bd15c78c,2025-12-13,토스,662130.118519433
a70f9471-b842-46c2-86f7-96496aab4204,2025-12-13,구글,3310650.59257723
359a902c-8ce4-4caa-aaeb-68586208f0d9,2025-12-13,메타,3303241.1049331147
81656b02-b489-4113-9812-ebe4bbf7df2a,2025-12-13,네이버,889660.6059584084
c2867182-43bf-49a6-9709-29c55a9be9d9,2025-12-13,쿠팡,662130.1185158485
f47a9590-9c69-4fde-a534-c0c81ed8fb38,2025-12-14,카카오,2326431.8612085734
4a153f99-cd53-4056-afc2-3efee9cf590c,2025-12-14,토스,669367.4594993526
34270a81-fc31-45d4-addb-c3f1d4ff5728,2025-12-14,구글,3346837.2974838056
dbf14293-7af9-456f-92c6-e1e49c30edd8,2025-12-14,메타,3342021.1305151302
39bfff57-3db1-49cd-8681-e5a339abe79b,2025-12-14,네이버,912820.4192120722
45cafb0d-d935-42e8-81db-9c5f322b2845,2025-12-14,쿠팡,669367.4594970227
2397be8a-1d51-4e46-9481-f8c5a3e64559,2025-12-15,카카오,2419329.821130366
9dcb41a2-061c-4351-9be6-aeaa8718316a,2025-12-15,토스,689460.0270910355
cb9029c2-a417-42a3-aa29-38b0938e33c5,2025-12-15,구글,3440390.4778113235
99e390a2-c29c-4f3c-8905-d9af5e76b798,2025-12-15,메타,3444169.6269171163
ca870408-4ba0-440c-9792-b1596bd6ef60,2025-12-15,네이버,955577.2049592406
95614375-39b9-4659-8024-3fd6ad2fa00b,2025-12-15,쿠팡,689460.027089521
fb14b5a5-3ead-4002-bfe3-0e16c0f05ebc,2025-12-16,카카오,2487430.571201323
8ae483cd-dae7-4fe2-9288-d57f7cc2931b,2025-12-16,토스,706934.1665038877
e973d150-2517-41e4-9884-c9bedfb817c1,2025-12-16,구글,3527231.6528913192
26badfc1-10ca-4325-9682-6326a15a5a1d,2025-12-16,메타,3532636.001969699
e1e626c3-2e92-45dc-9de2-13b79d780784,2025-12-16,네이버,990460.0514970538
0e27ed40-112a-4478-808a-254f2168e450,2025-12-16,쿠팡,706934.1665029033
b63ca9db-188f-4d0b-8ac1-eb67329890d9,2025-12-17,카카오,2497066.365928674
92966b54-d107-4942-a655-4338c12c4339,2025-12-17,토스,709311.0038461259
548509fd-2c50-42cc-be1f-94e5236e04eb,2025-12-17,구글,3541719.552472352
546bc299-ed45-4606-b0a9-3bca30edfb73,2025-12-17,메타,3545232.379373299
8cc96372-5839-47e5-8c11-7bb89e50aa75,2025-12-17,네이버,985142.1477332902
0e903b8c-d17c-403d-91ef-467a80c56472,2025-12-17,쿠팡,709311.003845486
e3eb7a07-7e76-40a6-958d-5b828c0bfd51,2025-12-18,카카오,2460046.3272364037
86027afd-330e-4c05-8227-d6682173e794,2025-12-18,토스,693633.0266531645
596dda35-7eab-4242-9deb-6a78b23305b1,2025-12-18,구글,3465022.0798729416
4e51b8af-4028-4d94-a12a-1720a7471798,2025-12-18,메타,3467305.4173585577
ce9dacf1-0ae7-4f78-8ab9-dac0769e89f2,2025-12-18,네이버,956701.1727345076
e50e8884-8dda-466a-95ac-8612e77fc921,2025-12-18,쿠팡,693633.0266527485
3a8041e1-9fe3-4271-9d3d-1d80d48116c0,2025-12-19,카카오,2413037.892919459
6e882e1c-1a05-4ab0-b4ac-e18749d4f8f8,2025-12-19,토스,672156.6504131894
475ca09a-a1d3-4b81-871d-1fd8eef1425d,2025-12-19,구글,3358740.2673605746
2e31c73d-492c-4e2c-b151-088d5e0971ae,2025-12-19,메타,3360224.4367262246
3ec88c0d-2909-4cb0-97b3-c55cd79fcbe7,2025-12-19,네이버,927528.9805334557
9e9cd13c-840b-4309-a68c-3ce8368a818a,2025-12-19,쿠팡,672156.650412919
f06f41f5-60d5-459f-bdb4-907f6035da56,2025-12-20,카카오,2376984.48404481
f99206c8-65ac-4ee9-9bec-598766a266f6,2025-12-20,토스,663741.6898342432
d0a39886-740a-4915-b100-8eb455fe0720,2025-12-20,구글,3317380.509112723
629b1a20-f474-4b8d-9ffe-f1183826481c,2025-12-20,메타,3318345.219200396
f7808b1f-a6bf-49af-8426-b84f645840a4,2025-12-20,네이버,918742.7986262615
20e3e7a7-9829-4d70-bd84-d5c91b037f16,2025-12-20,쿠팡,663741.6898340674
8d6fef99-7a67-413f-916d-f83710291584,2025-12-21,카카오,2418203.3856858006
40521776-293d-4d2f-92b5-f2b0af1aa01b,2025-12-21,토스,672495.8730275002
2b1f4ac7-7c10-4cb4-b868-4274668cf24c,2025-12-21,구글,3361616.204099481
ed0998d5-b558-4ce8-b6ac-1ccd08417ab2,2025-12-21,메타,3362243.2656564685
7b6087fc-a62c-41d3-b72b-54e8d42dd972,2025-12-21,네이버,942846.1051501327
cf4283cc-3bfd-4f83-92be-96624c8313a3,2025-12-21,쿠팡,672495.8730273859
6c6735a0-2f50-4424-9a05-8b773a3d0f4c,2025-12-22,카카오,2493585.2605347345
c30712e3-6522-4376-84e5-c58e2e26b40a,2025-12-22,토스,694174.2678963479
c766b00b-38cf-49a4-b1ef-051711535cbe,2025-12-22,구글,3470310.284807026
c6a78713-b13a-4b29-92c6-247071a4cc9b,2025-12-22,메타,3470459.9902699525
f39d132e-5e52-485a-be5f-9075510f33e6,2025-12-22,네이버,984572.1255728118
3a86ed60-491f-43f2-9b06-e74e46461bf7,2025-12-22,쿠팡,694174.2678962736
84ac631c-61db-42f7-825f-912dd4b33002,2025-12-23,카카오,2563410.894764701
1615a3da-8731-4ed1-ac67-eaadd7668255,2025-12-23,토스,714696.860459398
ca7d69b4-b0e1-4151-b12a-40a3141e3492,2025-12-23,구글,3573119.6167584267
7a1eca3f-22a2-4ee7-a08d-07dae19bfa44,2025-12-23,메타,3534905.341443314
7ea34a60-d6b1-48ae-a929-9c0532c7ba03,2025-12-23,네이버,1024627.8844579922
8bcdd9d8-f6cc-4089-9ab6-b3a6d2a9859e,2025-12-23,쿠팡,714696.8604593498
3da54082-3c94-4f13-8e20-7b17f6aa1262,2025-12-24,카카오,2580766.4992696103
c1af16ee-137a-4579-a49b-083fb45c4720,2025-12-24,토스,721642.1387932866
0b50e0ec-78c9-4b37-8574-2877727e2d29,2025-12-24,구글,3607973.6483663665
608a342d-c251-46e0-988b-1ae277d6a460,2025-12-24,메타,3483489.985938225
519ce47e-1fd5-4bc3-8f5d-a61f1b9aa2b1,2025-12-24,네이버,1046946.8612702177
1f908dc3-a431-4315-98df-e37825d63efa,2025-12-24,쿠팡,721642.1387932552
b80dc433-d7f8-46f5-a477-160fc0082938,2025-12-25,카카오,2576134.249565242
57419259-4666-43d8-b885-2f0d8b184e4f,2025-12-25,토스,707688.6752117936
ebdee015-39ed-4212-9fb1-01f30ddccf05,2025-12-25,구글,3538289.296418925
00535c8c-008c-4270-af53-fcd55b87721f,2025-12-25,메타,3336082.6830093516
cfc57fe5-bddf-4c56-816f-a138e0d70bd9,2025-12-25,네이버,1041725.2820618529
b6853e58-8973-4dd3-bbd3-5ef0295bbce4,2025-12-25,쿠팡,707688.6752117733
7a08aa50-0e4b-4389-b86d-91c6beb2c154,2025-12-26,카카오,2540979.356967848
0186c81c-1c29-48c4-acc1-a7e408fdb1c6,2025-12-26,토스,691946.3507076452
b22c31a1-419b-4835-92d8-ce391ec9a3bb,2025-12-26,구글,3459631.6017721975
ba0a9494-0e05-42df-ba16-a9b78ddf26e7,2025-12-26,메타,3148810.732281776
d39eabb2-9fd3-4c94-a0ee-7fe239b9e188,2025-12-26,네이버,1037145.1141822028
516006ec-3a4e-4f9c-808b-6c339ee24be6,2025-12-26,쿠팡,691946.3507076319
d822779f-a343-4664-b5ed-8ca572a0d731,2025-12-27,카카오,2512977.6881407886
e6e03be6-2da1-4df2-a649-a234d6e4a6e3,2025-12-27,토스,682586.1083525927
4a3aeae2-1808-46c4-aca3-d6152a503ba9,2025-12-27,구글,3412865.443115045
f5e081ca-b66e-426f-a540-02ffb715282c,2025-12-27,메타,3106863.691742883
8bbacf6c-cb9f-4698-84cc-eb63b8c8913d,2025-12-27,네이버,1025712.1226313655
6d84efbf-e64c-4182-b00b-09fb2c7d6d0e,2025-12-27,쿠팡,682586.1083525841
78cc517f-c3fc-4f3a-95de-e9704b0385e5,2025-12-28,카카오,2577226.956906492
84932709-2bfa-4f78-9300-edd2481dd9fd,2025-12-28,토스,695546.8094759263
0f897ae1-1fe0-4c75-ae84-1b90ba75dac3,2025-12-28,구글,3477691.733258485
b0986bd2-fda8-425e-bf4a-ca05195f4407,2025-12-28,메타,3129901.9316104
cac91def-89fb-4380-b83b-c224a91566ae,2025-12-28,네이버,1021257.1213103869
91fb0f66-e197-4784-aa68-16ae49272317,2025-12-28,쿠팡,695546.8094759207
7ee0646b-83eb-452d-aa6f-84cfcbc329c3,2025-12-29,카카오,2697035.7126246607
de134b7b-503f-41d0-a6a4-97b5ae818b3a,2025-12-29,토스,717783.3557245667
f9b5454a-3825-473f-869c-9ac1945c9a37,2025-12-29,구글,3588889.2744440883
b5086423-00f9-4754-81fd-d9d27fe62a1a,2025-12-29,메타,3195698.108813972
e79f0c5b-66ae-4158-b351-16f1fef4b6c2,2025-12-29,네이버,1062944.4532250855
ac73bd08-c5b7-4922-b283-1d45938b49f0,2025-12-29,쿠팡,717783.3557245631
8fb0244d-edbf-466f-a84a-d4bbcaa7ee74,2025-12-30,카카오,2746267.3205279075
bb4ce24c-a603-448c-9906-b52bd300f25b,2025-12-30,토스,737750.7404327758
3dad0b89-ecef-4c73-9f71-daf839fdec2f,2025-12-30,구글,3688735.8244476947
2a27fcc6-6925-42bf-8c7f-3224959bb230,2025-12-30,메타,3289965.3738655564
e3516cd9-4616-42d5-80a5-cb11adbc9d62,2025-12-30,네이버,1102511.156817313
917ce956-b5a4-4c15-883f-a32be28cba8d,2025-12-30,쿠팡,737750.7404327735
56ac8911-fe0d-445c-8d54-d8ace0b5909c,2025-12-31,카카오,2723829.9338704273
0c8761c6-b44b-4147-80f6-6f11412a43e8,2025-12-31,토스,738878.2779969649
df396a56-caa1-4faf-8f9f-d018162571ce,2025-12-31,구글,3694379.769469304
03b7094f-f276-457a-aed0-4a5122c7f337,2025-12-31,메타,3310854.3252720316
344c9286-dd04-40bd-937b-45155c1f61e7,2025-12-31,네이버,1133659.3693601054
b75bc135-5a74-4691-86cc-8fcd3c62c01c,2025-12-31,쿠팡,738878.2779969634
6bdc253f-104e-4a45-9ef2-c6f0db2952c1,2026-01-01,카카오,2632201.9138837634
1f838a3d-b280-4f27-85f8-b3f135b4d5f7,2026-01-01,토스,721133.830877562
d4715110-5753-428b-be06-167d258051b1,2026-01-01,구글,3605661.601052722
8a0b150f-857f-4313-8591-d578cdebe8ff,2026-01-01,메타,3271500.4970861375
b30bc62f-96d8-4eee-a0df-28e724d24b2b,2026-01-01,네이버,1132264.0262980422
66d6539e-8d78-42c5-8069-45b2f78427bc,2026-01-01,쿠팡,721133.8308775611
b55b0602-2312-444b-a699-83bd96101c75,2026-01-02,카카오,2477739.356118055
d07d6252-79c1-425c-8fa9-04d9a654bc90,2026-01-02,토스,698377.2835681987
e6a84a10-d697-42fd-809b-b080b43e83c4,2026-01-02,구글,3491881.5081731854
4d7927c3-395a-4c65-8340-647a5ed3074f,2026-01-02,메타,3274097.952528566
831804ed-8902-42f9-b642-d8330687d28a,2026-01-02,네이버,1102467.5085711258
703987ca-218e-4921-b0c5-37b63e42d583,2026-01-02,쿠팡,698377.2835681981
cfd61460-95de-414f-97c0-10502fb19b8d,2026-01-03,카카오,2404118.062470358
00779ee5-48fd-4e40-9df8-0cacf715b19c,2026-01-03,토스,692917.673972384
340ddbd7-2456-4a32-aa7b-29a5e8892aaf,2026-01-03,구글,3464585.178577844
08f2687e-f62e-4b4f-ad05-a5ab2c6d6a2f,2026-01-03,메타,3246134.903620262
cfdd2c45-76a3-4bf8-9dad-ada16c9436bd,2026-01-03,네이버,1093915.1133513418
337e8d77-2c02-48ee-9cf1-310516395116,2026-01-03,쿠팡,692917.6739723836
b2abf2c1-6a1b-490f-9b06-3bda1f5beaef,2026-01-04,카카오,2372141.4234115817
acdc0620-a5de-42eb-9d5c-4bbf20ae91e0,2026-01-04,토스,704539.415092909
37e51b7d-7cf6-4663-bc66-1ad661bed033,2026-01-04,구글,3522695.0011298964
d1668bf1-4534-4185-a831-3e42705236ca,2026-01-04,메타,3340056.5680875494
18fd4109-11b2-4a9f-89cc-89ee0ba0fb34,2026-01-04,네이버,1127163.496936622
5f9fc9aa-8bbe-4b26-9f60-425075726e78,2026-01-04,쿠팡,704539.4150929088
7090ccfa-f623-42d9-a778-c8da3b770073,2026-01-05,카카오,2415393.411531308
02b7e1ec-206c-43fa-8348-5dbd1f21250c,2026-01-05,토스,728207.0129183503
803958a3-b8b6-4c8d-b0dd-eacc61709f71,2026-01-05,구글,3641033.7162742293
a8133f3c-6014-4211-bf7f-e4290bf0d199,2026-01-05,메타,3497664.9021586757
fb8d19e7-b122-4860-98d4-cc83bb57763b,2026-01-05,네이버,1149432.013079409
691e4441-f2b2-4d86-ad09-477aab0dca67,2026-01-05,쿠팡,728207.01291835
2c79d28f-cda5-4fc5-8083-8916d67e4fb9,2026-01-06,카카오,2452732.7536514606
1cd3a467-0d7d-4b44-8284-10ad49e2b6bc,2026-01-06,토스,747227.7096573641
c4f3e2ba-97e4-43c8-90f0-0c3814a36ea5,2026-01-06,구글,3736137.6718804315
3e6c7276-7740-4368-9c32-d60106791529,2026-01-06,메타,3605523.5706655234
22b4d6d9-1b97-4f70-9301-a8986a0a9f0c,2026-01-06,네이버,1198663.9928948337
f98ee5da-263f-41c1-a1e7-5e03506f6d58,2026-01-06,쿠팡,747227.709657364
8df12d46-ffbc-42e9-842d-a9f691dbb067,2026-01-07,카카오,2422213.295289207
09af4a04-1c13-4363-811f-6c0f00ce44ed,2026-01-07,토스,750637.853010329
a652da3c-42b0-46cf-b8b1-b513c4b2bd3c,2026-01-07,구글,3753188.6953874924
fa1783ba-f4cb-4de8-81fe-9bf86ae50da5,2026-01-07,메타,3642991.454432321
4e7d3e89-1d12-4f8f-a5b0-9e01eee51ff7,2026-01-07,네이버,1205644.5981715773
4cfc5a29-34f5-4dfe-9f25-4cb8680d9006,2026-01-07,쿠팡,750637.853010329
27acf0df-60f1-432d-9592-9008c07ad41f,2026-01-08,카카오,2352940.3729617735
cb861851-69a6-4f66-ae1e-823634189bbb,2026-01-08,토스,736208.2524005964
b06c31c7-3922-48f3-9c44-643ea5d4cada,2026-01-08,구글,3681040.891721283
4ad62df6-cf5b-4b6f-afb8-ce00a33a4edd,2026-01-08,메타,3583765.1539790416
94b94dbf-1772-4d91-87f4-e896878155aa,2026-01-08,네이버,1172247.5730358344
2b0d57f6-f2d8-411a-a562-fb13c17794b8,2026-01-08,쿠팡,736208.2524005964
d57c5150-860b-4277-8902-127aabf53d1c,2026-01-09,카카오,2323688.101608147
b11ee554-4b17-4424-9849-0341347eb92b,2026-01-09,토스,715061.4050679631
bfb4f91a-9b3c-4d99-9b8a-263b1cf721f7,2026-01-09,구글,3575306.784656711
cdea9c87-51c4-4067-9c44-ffb98a2ca396,2026-01-09,메타,3447160.063692272
e5fbe6f2-dd23-4f10-b4af-e2791ce78de0,2026-01-09,네이버,1138370.5027986218
14e0df20-aecd-4fd4-a04b-9a8e68fa9b17,2026-01-09,쿠팡,715061.4050679631
ae542cc5-bbaf-487a-933a-380a7c6d3ed8,2026-01-10,카카오,2334139.304674676
0a513789-2ca3-4364-a06c-ab0871287d2c,2026-01-10,토스,702754.0495898132
da665b9d-bf67-4943-807e-7fed253571f7,2026-01-10,구글,3513770.091505049
84493de0-dae3-49e7-846f-09603fc8073e,2026-01-10,메타,3395715.477629006
5180592d-f4ad-406e-a2f0-94467a094cc4,2026-01-10,네이버,1113570.1671377644
3e1cdd13-1fff-4dbf-8946-750092b730af,2026-01-10,쿠팡,702754.0495898132
dd07f674-b877-438c-a1f3-14f991237653,2026-01-11,카카오,2379562.67439516
d85d96c1-aa3d-4fdc-833f-06d990ca7c1e,2026-01-11,토스,709141.5570542943
f0c97561-6027-4863-9027-a9c8fafcf08f,2026-01-11,구글,3545707.6835828605
d7e0e94b-be1e-4771-b6ad-a88a16ef98ca,2026-01-11,메타,3434477.2995091677
42cd4b43-2495-4477-b3a5-79af1c01de9b,2026-01-11,네이버,1162528.3759625496
2b29cf66-f9a1-4f96-9d7a-097dae19cac3,2026-01-11,쿠팡,709141.5570542943
90423121-3ead-4076-b1e9-83ab5b886ddf,2026-01-12,카카오,2450893.2177624856
f0112223-066a-4021-9e98-09cd6d836bcb,2026-01-12,토스,726852.7180382749
79fea461-b469-46dd-9957-898d7740c30f,2026-01-12,구글,3631657.408060263
107047fb-ea50-45c5-a1b7-248cb452afa2,2026-01-12,메타,3561963.7744458774
128178b5-4807-4aff-ad42-a0b1d645fccb,2026-01-12,네이버,1235603.1472146756
b7977a4a-5456-4ffd-b13c-2d8eeecef39c,2026-01-12,쿠팡,726852.7180382749
3c5aa7af-d476-493a-b1cc-b562e0b51520,2026-01-13,카카오,2545784.6581416796
4b468f1e-1a9c-49a4-a5ff-7ade4cac5323,2026-01-13,토스,741348.3784843964
e0eb30d4-71cc-4793-9d70-1b329a109c0c,2026-01-13,구글,3674208.278782731
328a186c-bbcd-43f8-8898-799758408cc7,2026-01-13,메타,3655351.5658186423
e0c97354-1a81-4a53-82c7-f3ce80541f26,2026-01-13,네이버,1307010.2879627761
d0786b17-ab71-479c-a3df-c675068b4828,2026-01-13,쿠팡,741348.3784843964
8a875e96-103b-487c-92dc-c51f34908059,2026-01-14,카카오,2567725.2984126066
47a1b938-9186-4851-826a-94b7ce17c490,2026-01-14,토스,739036.7187140078
032fed77-6ae9-440f-ba77-2172b277d2dd,2026-01-14,구글,3672627.5370100727
f4254edf-c048-4375-b9cb-0dc1cc4a7f3f,2026-01-14,메타,3651982.5325450054
f10980fe-af03-47f7-80d9-4e9109dae487,2026-01-14,네이버,1332042.5597051322
c0f80778-49f5-4dc1-ae81-868bf427df39,2026-01-14,쿠팡,739036.7187140078
5c74061f-97c9-4fd3-b144-3187b2b8d26e,2026-01-15,카카오,2516413.0248193974
51bdcefe-edca-4906-b7a8-420aa33871a6,2026-01-15,토스,720170.0091838699
8594ab0e-2574-4fab-9afe-d81705ba8d19,2026-01-15,구글,3585911.985135507
660a39a3-3ebf-426e-9e61-66650fc89d6a,2026-01-15,메타,3569726.4920345694
385ce19d-ada5-487b-9fdb-9cabe48e3314,2026-01-15,네이버,1322564.6566066267
f6794bef-06dc-4814-89d0-19377d45eebf,2026-01-15,쿠팡,720170.0091838699
69df58f4-c4c3-40d5-ae14-a5f0265a2eed,2026-01-16,카카오,2446167.6271026423
6ed8ed8d-2ddd-4011-81eb-72cb2f9d9b03,2026-01-16,토스,697926.2358058573
b57aa272-130f-42ee-a3eb-c7692d9494ce,2026-01-16,구글,3479921.4395197886
151a0b87-2fc2-48c2-a701-9682021873d8,2026-01-16,메타,3435184.845518628
51266173-80b0-42e0-b242-1b38172759f2,2026-01-16,네이버,1324311.5317683625
0a1e8627-dddc-41e0-a027-569244eeec7e,2026-01-16,쿠팡,697926.2358058573
2470759c-8d85-48ad-8bd4-aaff55397de0,2026-01-17,카카오,2435301.1517423224
cde546a2-1e20-438e-9ad7-8639b2e74066,2026-01-17,토스,687664.8285776622
a0780c49-beec-4622-b636-04240647ed0b,2026-01-17,구글,3432012.8122071377
29f62d97-d1f0-4ac5-a951-ae21b30828df,2026-01-17,메타,3331171.0346941445
5c9b8dca-ee0f-400d-b207-1f4c7c7dcd11,2026-01-17,네이버,1352635.1798341626
94c1cd97-2aa3-45cd-8d64-03c1cb388b95,2026-01-17,쿠팡,687664.8285776622
74d41e5e-70d3-499e-b77d-24ef0305c46b,2026-01-18,카카오,2519345.3429451603
1b621c0f-62b3-49a0-9ac8-8b926fa19109,2026-01-18,토스,697309.8882511402
d54b9c36-57c0-4f6c-abc8-33639e345507,2026-01-18,구글,3467655.345447113
6ab3763a-0a7b-48f6-9d2a-7cf94bc28aff,2026-01-18,메타,3327380.734753988
871ff331-ecf5-437f-b0cc-225a60f3265f,2026-01-18,네이버,1396769.686999986
b74ee644-4c9f-4ac8-9bbc-cdee12d6d3d3,2026-01-18,쿠팡,697309.8882511402
20105bf1-c539-4902-8964-d3ad95c7d820,2026-01-19,카카오,2658990.553863696
287a7741-4612-4f86-8080-bc80f1cbc062,2026-01-19,토스,724203.8172088728
e4fcc140-94a3-4721-b9a6-525283437b70,2026-01-19,구글,3608737.923768781
cb178735-663a-4654-833b-98b366a1b4c0,2026-01-19,메타,3322117.9260577885
96fd1a26-0c31-4d13-bc04-1f255a82a35f,2026-01-19,네이버,1465126.3174554943
8b661632-047b-4c13-be37-756b29179340,2026-01-19,쿠팡,724203.8172088728
612d590a-b7b2-49a5-9e11-11739e7ba450,2026-01-20,카카오,2751151.1502088113
afb3f508-05b8-4b62-a61c-19de682bb611,2026-01-20,토스,748138.9308162191
030e5d0b-190d-43cc-ba1b-d36d57745cff,2026-01-20,구글,3732711.8986019664
244c57c5-134a-4b49-849b-5752b9fcfbcc,2026-01-20,메타,3381467.2679458465
4ed51128-47f6-4811-9e8c-da5094f0ad69,2026-01-20,네이버,1476423.5693020048
e16416ef-b13b-44b6-82fb-05c6156b03be,2026-01-20,쿠팡,748138.9308162191
dd42f3a5-43a1-4afb-a03d-3333a6794fd6,2026-01-21,카카오,2801511.9739038753
379e93d8-67cd-4fd2-a3c5-08fb8c2bba87,2026-01-21,토스,748843.2449729262
81d9d250-a665-4cec-8785-7a3cc741e777,2026-01-21,구글,3739027.4338031975
4209c525-2b92-4844-8749-a5c05c531cec,2026-01-21,메타,3368286.6955998447
ef3e7d1f-3aae-4961-947d-b90ae761a53c,2026-01-21,네이버,1468312.32248038
80c4f13a-16f8-4624-b4bb-e5c6275ce607,2026-01-21,쿠팡,748843.2449729262
d287ec8e-85a6-47b5-9dab-4bac3d20df20,2026-01-22,카카오,2733169.0778776226
7ead2138-56c9-49f9-8ebd-9f2cb2afad59,2026-01-22,토스,732875.1945916443
84ed3c4f-b65f-4343-b274-d734a3038164,2026-01-22,구글,3661003.2587682893
018561f0-9cdd-4147-a79c-cb0e2c39124c,2026-01-22,메타,3295616.2524430067
6ec6337b-43ae-4a5d-994b-bc3481c3e8d0,2026-01-22,네이버,1447068.2384357622
9a5350b0-df12-4e1d-9108-dd839fd5a0ea,2026-01-22,쿠팡,732875.1945916443
2a801a35-7d3c-4e45-8bf1-e6c6baabff1d,2026-01-23,카카오,2656558.87672495
8a158131-9f71-4c1a-80f0-ece0fc239b22,2026-01-23,토스,713486.0482512696
d0ed0508-e241-49a1-8485-1983d29666ee,2026-01-23,구글,3565237.9770328924
59a9be51-773a-4ecc-ac2a-47f831821edc,2026-01-23,메타,3204056.939041568
0287593d-6383-4a2b-b2b4-25b18727f676,2026-01-23,네이버,1390391.1064783316
3091fac1-ce6b-4f49-a80e-2e73864c4d2b,2026-01-23,쿠팡,713486.0482512696
cdf5c825-3b2e-4735-a279-c0c86a2a7a18,2026-01-24,카카오,2578793.8278634404
134f26da-1db0-49d2-9cf5-75ba49229324,2026-01-24,토스,703840.8399688688
81fa30e4-b267-4549-b940-1c158eaf8f3d,2026-01-24,구글,3517779.2280990975
e265d524-3a57-4dce-b6b2-c5a854c73c50,2026-01-24,메타,3200338.6988481707
9ed13b36-ddde-4c78-aa7d-a2735dee056d,2026-01-24,네이버,1380373.5230601563
d023da70-8dec-4ef7-b82e-60f88e1995bf,2026-01-24,쿠팡,703840.8399688688
9532b682-8d98-4983-bbf9-4da19b4b505a,2026-01-25,카카오,2575162.480291081
f57126c1-61e1-4e8f-abd1-0c8c47333211,2026-01-25,토스,715695.5609576369
8a15e061-2274-439a-be2e-3e7e7b71caac,2026-01-25,구글,3577551.5731537743
0f72f60e-eff2-426a-8e7e-880170e58ba3,2026-01-25,메타,3290056.3228977825
35d83307-dae3-4817-9892-aec3581d7054,2026-01-25,네이버,1391197.6685073585
f74fd7a4-8a73-4587-b59c-f4f5a2733553,2026-01-25,쿠팡,715695.5609576369
47e3264e-dfe2-4d1d-b293-8cf277efc7cc,2026-01-26,카카오,2653022.64962146
23d127dc-3115-46cd-a7b0-7672004102bb,2026-01-26,토스,740424.6466026301
99fad004-c4b9-417f-aa72-d9d65b8effdb,2026-01-26,구글,3701521.1824507844
68a0e360-2376-441e-b750-c309e3fdc44d,2026-01-26,메타,3407175.5093333153
688f8274-3ea6-4e0c-aff4-7bef22d64b01,2026-01-26,네이버,1424223.7718484623
b5169f4d-8ae2-4bb9-82a6-84f7f1230bdb,2026-01-26,쿠팡,740424.6466026301
09c76503-06c7-4994-a1ec-1d9c0130d56e,2026-01-27,카카오,2735230.6454421883
f5edd483-722a-4675-b1c5-21bd340df3ef,2026-01-27,토스,763750.7494079568
cf518602-1f4a-4974-b325-6a85f9931c13,2026-01-27,구글,3818362.4141742457
6b605fe9-3ed4-4470-b8b8-44dca6074a0f,2026-01-27,메타,3460597.803998066
1857d14c-2c51-4ac6-a27b-2bb53cb9ead9,2026-01-27,네이버,1462671.0391926179
5e20b40d-fd8e-40b9-8704-97ae3e69a01b,2026-01-27,쿠팡,763750.7494079568
debbb29a-f9b5-4f72-9778-053ae6e40108,2026-01-28,카카오,2734104.314077347
6c3e1936-b25c-40be-9076-238e887db621,2026-01-28,토스,765631.431826014
f0eedfad-9af5-496b-ae1e-b47d905a3712,2026-01-28,구글,3827902.7927674702
9c723f79-ce90-4ac5-9c55-89f96221d73e,2026-01-28,메타,3464296.514583263
f3c8dcd3-f66f-41e7-90f4-79e53dc89ef1,2026-01-28,네이버,1482640.9785026326
6f6a24de-939f-49bf-a083-dc5fb37b57ff,2026-01-28,쿠팡,765631.431826014
06dac0c8-af84-457c-a8bf-886111124ee3,2026-01-29,카카오,2723538.696522946
9657c52e-d093-42cb-a419-d75f9c01d713,2026-01-29,토스,749295.8642058222
dba1af77-3841-4160-b884-101895db688c,2026-01-29,구글,3746313.9828934222
4cbf1124-40ae-4359-b7d0-7f054eb2c121,2026-01-29,메타,3342319.034789864
58550504-ee1d-489c-b57f-4965111358f3,2026-01-29,네이버,1452347.3044921255
57b3f8a3-bf03-4dcc-aa52-6b1149cbc4f4,2026-01-29,쿠팡,749295.8642058222
791f18ce-496d-4ae7-a41a-092594e598bd,2026-01-30,카카오,2678655.254553749
59dc887d-d21a-445d-8a47-d78058b74a9f,2026-01-30,토스,724945.3915323669
2a8c5744-4a1c-4bdc-ae17-d2a9ed657817,2026-01-30,구글,3624619.4878736367
7d790063-fcbd-484e-b2fe-f8df72cb77b9,2026-01-30,메타,3240870.0387173425
d679e030-9488-42b3-ab0d-c432f2a9fab2,2026-01-30,네이버,1403720.8010436986
6d35f48c-72cf-41e9-b60e-49dd0832749c,2026-01-30,쿠팡,724945.3915323669
c5e7858d-e8b1-40dc-81b8-58cdd3db8b2f,2026-01-31,카카오,2705949.825324217
ee49773c-93e0-4f70-a695-1d1540a3b771,2026-01-31,토스,714375.5119329265
04150187-8ce1-410c-8a7d-14e9a0262738,2026-01-31,구글,3571807.704302304
2b94196b-c450-4535-837a-d04038b6410e,2026-01-31,메타,3150255.404487044
95c3d7fb-8a15-4629-b07a-cbd875f569f9,2026-01-31,네이버,1379268.7996449913
206f6acd-3ef3-47f3-99ca-93a9e16e857d,2026-01-31,쿠팡,714375.5119329265
80a97fbb-9a4f-450e-aa5e-dfa20f34b0fb,2026-02-01,카카오,2821677.8653802844
32c2fcf5-edf8-4546-b10a-bb56cd79f596,2026-02-01,토스,722531.1140996427
84bebf3d-78f7-4edc-8abd-cd58289bf03d,2026-02-01,구글,3605271.7112058746
de8c59fc-3d3f-4771-886c-088f24c91d33,2026-02-01,메타,3164249.64106717
949ae5e1-8ac9-4e15-bf6c-fa281262868b,2026-02-01,네이버,1380799.375491215
7baee0af-c052-4e13-b0f9-44f22cc150ec,2026-02-01,쿠팡,722531.1140996427
285723a8-9124-42dd-b99d-46f274cdae7e,2026-02-02,카카오,2898549.2039329377
a7c1e0e1-f93f-4a2f-99be-4eace269e8c8,2026-02-02,토스,744125.5621430408
15cd3587-6f41-4c03-b644-a8297f260816,2026-02-02,구글,3699077.4441946764
1234a8eb-c9cd-4e05-bc3d-bf656b5117c5,2026-02-02,메타,3314699.7603848903
737b444e-d719-4c3e-a056-296544272398,2026-02-02,네이버,1421146.2204754713
0d690fc3-a71c-48e2-a946-641519ac3102,2026-02-02,쿠팡,744125.5621430408
e20edd4e-d011-4ffd-b842-316157101e14,2026-02-03,카카오,2916554.528722202
8aa9a078-362c-43ed-b31d-842f49c3ca34,2026-02-03,토스,762645.0549724228
b44e8524-2e54-4d10-9101-b2c81241a7ba,2026-02-03,구글,3763099.0327194366
722047b4-9207-42f0-acb6-882cb25302e6,2026-02-03,메타,3470390.3922484033
0a41c097-af4b-4de4-b835-74f7620255be,2026-02-03,네이버,1486323.8344891355
8e8e1903-32a2-4ff8-92bd-25f43bedecae,2026-02-03,쿠팡,762645.0549724228
61bec171-9b8a-4da0-b83e-f08b5bb023d9,2026-02-04,카카오,2848086.1691105636
828ab9df-571e-42e4-b901-48e4d93b4445,2026-02-04,토스,772157.6772696462
923635bb-0e77-425f-8b23-92d721fcb42d,2026-02-04,구글,3828206.328955491
85cb4b44-797b-4c3e-8f87-b1f927a9894f,2026-02-04,메타,3484741.4371577455
dd3937ac-54d1-4647-beab-2675d54fc947,2026-02-04,네이버,1490867.739237473
5861b2f9-bd37-493c-9659-b9ca80fb3a46,2026-02-04,쿠팡,772157.6772696462
f2da1ed8-372e-4dbf-834b-d74dd0f5d658,2026-02-05,카카오,2742734.143014396
3676b5b2-f6c1-4e6c-8335-7f5ee2b71e68,2026-02-05,토스,759150.1391880411
3f67b143-92ff-4240-8d79-acbc1e879ce1,2026-02-05,구글,3774572.3586349245
1890c27c-1b79-4ff1-b15c-52016a085b30,2026-02-05,메타,3418862.039934069
2b8dc9f3-e51e-45be-911b-c4fa01ee084a,2026-02-05,네이버,1459682.0059990734
e881c481-5675-4fd9-a0f1-b6643e18f7bd,2026-02-05,쿠팡,759150.1391880411
40d2c175-d5a0-416f-a876-d06013dda5ca,2026-02-06,카카오,2617630.2938876357
710ba6ad-9467-4fac-a1f8-4063caf42795,2026-02-06,토스,741480.0289551704
9c0592c1-92f0-4b2d-a4c5-0acdb9c0bde4,2026-02-06,구글,3693634.2255274197
6e55b802-f350-4df5-8309-5a7356459910,2026-02-06,메타,3330467.3723682426
ad1bb463-6993-4b26-a55e-78bf2523c6b2,2026-02-06,네이버,1418131.5037398266
ef49332d-e913-46ff-bf18-5238d3a2296b,2026-02-06,쿠팡,741480.0289551704
c59973eb-7296-49c6-89df-804d733e98f1,2026-02-07,카카오,2559697.137098352
d292fdf0-e472-4457-8fd1-2acbe554e1b9,2026-02-07,토스,734415.4146270866
f339f778-7b51-4680-a300-9723d22373a8,2026-02-07,구글,3663129.225623952
4b4cd7c7-ea38-4f28-9024-c8e33b7bd07d,2026-02-07,메타,3293524.9306545397
1f70ddac-f064-4110-8851-358a26de0bd3,2026-02-07,네이버,1392280.8950557134
edcde525-2e5a-4bc7-8ae4-54991924fcf1,2026-02-07,쿠팡,734415.4146270866
a4a65bc1-a97b-472f-af60-069fb5ee3a92,2026-02-08,카카오,2551409.477772058
3f07c3e4-9652-415f-94f4-778fc2148b39,2026-02-08,토스,747488.3459470805
e4e27611-1917-42b9-a137-24ed717e9130,2026-02-08,구글,3731625.62885294
fa8f7e56-e81c-45f8-af32-6069e1ede0f9,2026-02-08,메타,3364163.461613944
f1873438-1391-4fee-af60-12aaeb774786,2026-02-08,네이버,1416505.8940576124
25800b51-657c-4713-be3b-4bcedbe391ef,2026-02-08,쿠팡,747488.3459470805
e07ff0bd-d4cf-4987-892c-df21ac2b3e4f,2026-02-09,카카오,2605714.6419663783
dbd7803b-45ea-4620-ae04-47f86423c9bb,2026-02-09,토스,772024.1134119004
eac71e35-9201-48aa-b6d5-667e27e00844,2026-02-09,구글,3856340.1014859015
2da4477f-ac73-4e35-9d84-9a775c0d00a0,2026-02-09,메타,3455235.1811627173
e81d76a4-3b8e-44b3-833c-a992c8cd1494,2026-02-09,네이버,1504593.9481801363
f13e77c4-adc2-4b36-ab82-248104e70c75,2026-02-09,쿠팡,772024.1134119004
c526bc86-d351-492a-ac71-682cadfe3f84,2026-02-10,카카오,2706918.280456638
6f05a5e4-8699-43e6-8de7-3ca0add9afa8,2026-02-10,토스,793751.9668005931
402adef9-b2b3-4bed-bdbf-b7dfc254cdf4,2026-02-10,구글,3966302.5313801253
0bf8616c-ee8d-4122-81a2-2dfe8375ef99,2026-02-10,메타,3516304.509279568
b009a77f-f42f-4f3f-b3a3-cfcb72541cd3,2026-02-10,네이버,1530608.9246953945
f9172eea-0050-482b-b817-127ac66c4d93,2026-02-10,쿠팡,793751.9668005931
ef05d246-0cd3-4c12-81cb-5579e19b26d8,2026-02-11,카카오,2791992.248808951
5e3dbc6b-3b00-47c1-9f7d-1fadf03835b6,2026-02-11,토스,789858.7347278424
9690fc75-2777-402f-ba86-1f666b9df0f2,2026-02-11,구글,3947696.426934366
7ad17a2f-3c5a-4253-8193-e29fe1245bb3,2026-02-11,메타,3487692.1927991137
2f86c679-9865-4fa7-8331-25e6b5106907,2026-02-11,네이버,1533496.4767789561
ac896a12-edfd-4a71-b6d2-38da7fa44417,2026-02-11,쿠팡,789858.7347278424
d7395a30-7cfb-4596-87fb-821da7e908ce,2026-02-12,카카오,2719677.1735656834
76077f57-786c-4980-a2b3-b0c5fb680e64,2026-02-12,토스,770266.2139134399
dbd00bad-48d9-433c-bada-cc3e80f12f98,2026-02-12,구글,3850292.85920905
aa026139-cc41-400d-a9b4-e0847145ecf7,2026-02-12,메타,3452090.904076026
35f4f4d4-0e54-4e50-bfa8-4a013e993264,2026-02-12,네이버,1490947.0364308744
b3ac4024-2052-492e-b996-6fa13b605ae2,2026-02-12,쿠팡,770266.2139134399
9c532ae0-5dc0-41aa-96c3-053a7a4ab2c0,2026-02-13,카카오,2628032.9542728774
cab354a3-b56f-4702-a3b7-d83c45d20df1,2026-02-13,토스,746686.5764241058
40bf67d6-f302-4a9a-b749-ef54518a5f63,2026-02-13,구글,3732758.045387732
f574f038-a484-4a20-8c64-0a9f3b0075b7,2026-02-13,메타,3364877.8824292766
fdd2fa60-71ab-42f6-8284-fcdb952ed5d9,2026-02-13,네이버,1457275.531123213
a97b079f-9b70-48f2-93b0-cebfbd3bc64d,2026-02-13,쿠팡,746686.5764241058
a8cdc071-f7e3-48fe-8ed4-ab5212e54329,2026-02-14,카카오,2552009.4786862247
650e4f8e-3dc2-4ba6-b080-c24508203fad,2026-02-14,토스,737526.0163951404
11bfb1dc-4784-4d1f-9910-bb4ac9ece407,2026-02-14,구글,3687191.4380993843
8815726d-67d2-4ccb-a2c2-3ed7abce3301,2026-02-14,메타,3349212.8325139754
e0630c10-33c8-4ca0-84e3-98929f86d24b,2026-02-14,네이버,1443743.8370829178
5524e92f-91df-4825-bc7e-1e41fe06d00e,2026-02-14,쿠팡,737526.0163951404
5f631fab-2276-47d2-ae10-676ca0627477,2026-02-15,카카오,2588200.941290843
ec25b144-5f46-4545-969a-34d249486b82,2026-02-15,토스,750347.0045797871
c87fa73d-0979-4246-a399-9fd3468c0dca,2026-02-15,구글,3751449.9043793287
4542dc7d-1c41-4f7c-8aed-b657ee0ba537,2026-02-15,메타,3368827.933612556
376710a9-bf5d-481f-a8f5-9a9c134d8654,2026-02-15,네이버,1478996.4430148099
cf65fc5b-5510-4bcb-a0d1-bae858cd87cf,2026-02-15,쿠팡,750347.0045797871
339382d7-3d15-41a1-88e8-d37f13403a20,2026-02-16,카카오,2712467.317853704
c4a868c6-d041-4145-bab8-16e8b49900ea,2026-02-16,토스,776417.6631141929
3e411b21-e278-4dbf-bc01-0130f4c19ec1,2026-02-16,구글,3881902.98853322
6710d29a-fec3-498f-ae68-19d11cdc1b21,2026-02-16,메타,3448324.070767506
4a9856ed-61d1-4c79-9da3-0b0586f10b11,2026-02-16,네이버,1501799.2862896977
2a51f35c-d023-406d-9329-1a7bc868e59e,2026-02-16,쿠팡,776417.6631141929
5aa1f809-b56e-47fa-940e-6420e3861552,2026-02-17,카카오,2789384.1349937487
f0a29ffd-98a5-401a-a285-52b3b4c14a0d,2026-02-17,토스,792654.3400550104
7d8374b5-b75d-4744-8463-7fd411b8be8a,2026-02-17,구글,3963151.237700518
9af5d170-1150-4e4d-ba81-a3eee83b8ead,2026-02-17,메타,3534460.06847635
37fde699-21eb-4200-83a8-08f178e72820,2026-02-17,네이버,1567885.9796253194
8826b48e-e6b4-47e6-96c8-dc29a9f24d7c,2026-02-17,쿠팡,792654.3400550104
62b796e7-63c0-4657-94d1-ce1d7abe0c12,2026-02-18,카카오,2801391.1594235157
75eeef72-5790-4645-a112-2737d512419a,2026-02-18,토스,790736.7802830166
6e3e939a-9137-4eb2-a068-a77643296027,2026-02-18,구글,3949571.7580000944
c6ecd72a-2441-4710-9d18-aeb354068d1e,2026-02-18,메타,3520661.855881978
cd8e47d5-171a-4209-9319-b0edbc8511c5,2026-02-18,네이버,1618151.5338753168
16b2d0df-2d3a-484c-8e0d-3015909f2be6,2026-02-18,쿠팡,790736.7802830166
60bcc091-cb3c-4228-bfa9-a53f5d309b4f,2026-02-19,카카오,2810339.4878115105
d73d56f4-8054-40b0-9243-f665ebd9257e,2026-02-19,토스,771947.6877943161
0f0739a1-d24f-4307-833e-5631fc084876,2026-02-19,구글,3857065.545751838
7cdef6fb-801e-4638-b47e-944ca53fc23b,2026-02-19,메타,3353369.3857477484
9ce0804e-ca7f-4e12-acb1-92d694e3d312,2026-02-19,네이버,1614590.956304777
bd3adddf-4ed2-4b7f-9b02-995ba16b74d9,2026-02-19,쿠팡,771947.6877943161
781953c9-468d-418e-a782-c27b1a92f031,2026-02-20,카카오,2759997.0713811014
933c2f3a-a7b1-450a-b6bf-3a57e21885fd,2026-02-20,토스,748186.4086785738
5efa2681-5e99-4010-bc2a-3fca5ac4b2e3,2026-02-20,구글,3731574.874435785
3a1f5cd6-9f79-4cfb-9400-3aa1aac2fc8c,2026-02-20,메타,3184734.2791680675
102dc127-ccfb-4431-9943-7a5b7a9646c4,2026-02-20,네이버,1623626.314625395
5f630f32-4c84-4e1d-8fd8-ebb7a6c1c572,2026-02-20,쿠팡,748186.4086785738
7484bccc-6d0d-4638-8e91-d0c79f3ab6be,2026-02-21,카카오,2732357.263424693
0d631333-8da1-4f1e-bfc2-2a09d29ccf75,2026-02-21,토스,736668.4227954597
34bdc766-d7c8-433f-87bd-1d9f326efc7f,2026-02-21,구글,3660349.06391716
3b60a2c1-06ca-4ee6-9adc-12801e4325b1,2026-02-21,메타,3125581.1588385003
613f23f8-19bc-4888-8049-5435fd3e5edd,2026-02-21,네이버,1631769.153650159
b09fbf58-6218-42e3-9f04-b8c663e1aaba,2026-02-21,쿠팡,736668.4227954597
2369dbb0-877c-429f-b3eb-b40f4b64408e,2026-02-22,카카오,2742014.3016715376
fd1623f2-d033-4e3f-8011-19d28d85ac34,2026-02-22,토스,746691.7448097931
4e2aeabb-d4d6-46d5-9441-0f79ecf61e86,2026-02-22,구글,3664675.400644091
b010f307-5ba8-4918-8763-ad61e637fe85,2026-02-22,메타,3205312.465322136
78a6ed32-16fd-4e78-8bf4-d8cd4f29fbe0,2026-02-22,네이버,1698264.06031
4d2633ba-4eb9-41f9-9939-b416bfc54466,2026-02-22,쿠팡,746691.7448097931
9b2f2ed5-0c10-43fc-b0ce-92ac6ec93e55,2026-02-23,카카오,2726147.1398642426
669b5dce-9c5a-4b1e-811e-ed0257fff8a4,2026-02-23,토스,770213.9291190226
f8403015-725c-45e0-9ac6-b5523aa3147e,2026-02-23,구글,3787476.8492218144
93bfbe64-a0ad-48e9-8e4e-411a9ec5c6d6,2026-02-23,메타,3367127.6042737244
a98542bb-e5db-47b3-9e79-7ae9ec6b7fc8,2026-02-23,네이버,1792831.9894517986
804fab5f-c251-4031-9aed-2a7e9b1d6cac,2026-02-23,쿠팡,770213.9291190226
9efbe861-c8c6-43c3-bb20-889aaa3fb644,2026-02-24,카카오,2785469.9545797994
9e046e8e-a86d-402a-95fc-605713a41455,2026-02-24,토스,795136.9439576562
359e6af9-deda-4a0e-a142-b3241628bfb0,2026-02-24,구글,3934349.4021456367
06eb87d9-f6c7-423d-95b5-e990acd03ee7,2026-02-24,메타,3398651.281001049
75d5f4be-18f6-40d9-a9a2-d2dd1d118782,2026-02-24,네이버,1848649.42527493
9a82c219-745e-4201-93a9-3e73169a5498,2026-02-24,쿠팡,795136.9439576562
bc1698f1-0d2c-4383-994e-b0c2a2144ff7,2026-02-25,카카오,2753882.408022874
d402d897-ad98-4e8f-8f09-808c02eb1ef3,2026-02-25,토스,800720.522688396
afb0bc2f-ac2b-48e1-a770-8b4247b4efe1,2026-02-25,구글,3976734.6569742616
e66b89d5-2425-4798-95a8-0997e8a30aff,2026-02-25,메타,3439564.3221351295
a51c5525-8b69-4af6-97d4-5dc9116992dd,2026-02-25,네이버,1814667.5147168492
0ac08909-3638-49b2-a1c6-c12b12cd1d5b,2026-02-25,쿠팡,800720.522688396
f8a577ca-fdf8-4c86-8c0c-13fe1f21944b,2026-02-26,카카오,2614242.62618888
026274e5-659d-4211-9751-eb29d7a12dcd,2026-02-26,토스,784824.626468873
c0754926-23ec-47e2-93e5-8197405b2110,2026-02-26,구글,3906658.960640348
da88d57d-72a0-42ae-9245-e3675769ad1d,2026-02-26,메타,3443202.622321292
af32cb1d-e4e7-4ff1-b48e-fc11e3e18e49,2026-02-26,네이버,1755737.6409131456
3b54327c-8c16-401f-b44e-78b2c9bd4e0f,2026-02-26,쿠팡,784824.626468873
5951d22f-5e65-4595-b0ff-9dfd08be96ec,2026-02-27,카카오,2514732.324262872
894f6153-ac76-4d0c-9cf6-78aee3a06bf7,2026-02-27,토스,765192.5939860623
7cb6cd08-bc2f-4295-a3cc-2a4611d95efc,2026-02-27,구글,3814611.258322701
0b01e7d5-01fc-4afe-aa6b-5a1dae8b70a0,2026-02-27,메타,3381816.828614073
c9083256-9c88-4033-8fae-64e8eb5dd2e5,2026-02-27,네이버,1659503.4765049152
ca6cd511-bdd7-4c3f-a54e-596dc12ac2d4,2026-02-27,쿠팡,765192.5939860623
3820459b-3ad7-4cd5-b1e2-877b76049d0e,2026-02-28,카카오,2502728.2837328715
fdb6bf90-672c-404d-a387-209c5281f61f,2026-02-28,토스,756734.526853248
46b11cc7-6546-4a97-bf65-373f7ecf1d8d,2026-02-28,구글,3776294.021721293
da574d5f-4195-4732-88eb-40349c2a91aa,2026-02-28,메타,3321960.9398670373
2aa8859a-c03c-43ce-a11f-2a8f7dc3b039,2026-02-28,네이버,1609879.6579244586
b9637e63-275e-4c47-a010-b8566d39578f,2026-02-28,쿠팡,756734.526853248
0ab5d714-a140-4bed-834a-90b01164375e,2026-03-01,카카오,2567235.474855115
a323909c-8160-45df-b276-2183ef6fc376,2026-03-01,토스,766950.7013304704
f6c780b6-5853-4153-aab1-a52d267c7152,2026-03-01,구글,3829957.4084981363
af538c68-9ddc-45e3-bace-1d36aaf9238c,2026-03-01,메타,3371115.401077922
aa33f5fd-862e-40ad-a8b0-a18dfdd0e5b2,2026-03-01,네이버,1601240.4526659008
bb46acc0-b455-485c-aec3-821751aa7c46,2026-03-01,쿠팡,766950.7013304704
5fb852cf-ac08-4e02-9f36-8f48c10f6dc3,2026-03-02,카카오,2719090.6348459413
7a8da664-ccda-4c59-bfd0-69ffc2ce8309,2026-03-02,토스,789729.5484051064
a8a079fa-3be0-4a4e-9bdc-f010e2fbdc35,2026-03-02,구글,3945530.2782252925
54edc3ff-1fb0-453f-aa06-842ae340e1da,2026-03-02,메타,3453697.212146987
b569c063-3c29-469e-a3a8-842d8de9e529,2026-03-02,네이버,1616512.351119202
4a19eb88-4379-4b61-95c5-cc069eda69e4,2026-03-02,쿠팡,789729.5484051064
31ea68a6-8de7-44e9-b0a1-66f9559ebaa9,2026-03-03,카카오,2784380.2579407967
40752b7b-135a-46c5-8824-23c9287d28aa,2026-03-03,토스,806232.0919535498
c4c0755c-e391-4e17-a53e-0831c447d163,2026-03-03,구글,4029134.108297593
7705a0c9-8019-487f-acc6-e44ff2c36870,2026-03-03,메타,3585761.446785734
102525c0-6f7b-4442-bcd9-1f3efbc4ba43,2026-03-03,네이버,1645812.3005709886
a0050d4e-be82-4eef-abb9-394b50217add,2026-03-03,쿠팡,806232.0919535498
c2c13b3e-dd57-43c5-afd9-e1490b71e4d7,2026-03-04,카카오,2807968.580191452
e91528e8-d953-4666-84e7-1d50c5683a01,2026-03-04,토스,804046.1179114251
d0a1014d-190e-4209-9de2-4293597d2f42,2026-03-04,구글,4018913.4611015236
ba7766be-ad7c-49c8-81b1-1fb27552b30b,2026-03-04,메타,3611377.829472345
e08cf7cb-3e2e-45fb-bd95-52e88f160dfb,2026-03-04,네이버,1637696.851952488
d3653c3d-3945-4e24-a8ec-d49dde02b940,2026-03-04,쿠팡,804046.1179114251
227f92ec-ecd9-46c4-8ba5-5cdfebe5e738,2026-03-05,카카오,2784090.0460693534
9572a94d-28db-4b8e-9bf5-34d49098a713,2026-03-05,토스,784360.2304569896
43006013-95e4-442d-9e4f-c2b099c9627d,2026-03-05,구글,3920945.018788807
b3a1ed2c-9176-4854-a544-803b761ab364,2026-03-05,메타,3535282.254928779
b41ebffa-6592-4f71-8792-5524eef2903c,2026-03-05,네이버,1573597.2390998693
df85e7ce-f1eb-42c0-923f-66df7b124aeb,2026-03-05,쿠팡,784360.2304569896
50b2156b-0422-499f-bc4d-cf65c1cee968,2026-03-06,카카오,2730651.499939952
2ee30701-b2fe-4eea-8ab5-34901be46c5f,2026-03-06,토스,760063.9721305722
6fdc4a07-8d79-4d3f-b45d-bc2a70177989,2026-03-06,구글,3799763.3738803696
635a4e7f-16aa-49b5-aed2-9a2eae3553da,2026-03-06,메타,3437848.6876558075
ea83098a-d503-4d32-8087-25ca31cb55b4,2026-03-06,네이버,1500640.2411776078
bc8f1a02-f169-4679-abb2-6cd4e67088d4,2026-03-06,쿠팡,760063.9721305722
3963889e-53c7-447f-abf4-eff489c82ea3,2026-03-07,카카오,2721838.1431132765
a33e4d38-3786-4399-a637-d7631a8e3b0f,2026-03-07,토스,747093.4169389317
4d29ba81-6ca5-4017-871d-266c5b60e5a7,2026-03-07,구글,3735105.3682925394
a74881b4-fa1e-4bdf-b958-2c93a7ed8f81,2026-03-07,메타,3403716.508016308
4ebec4d2-9300-47b6-bb25-182b64204c32,2026-03-07,네이버,1453716.3155583828
fbd4c100-1bd1-4f2e-93d4-0349c9cbec10,2026-03-07,쿠팡,747093.4169389317
b3bd280b-c359-4ca7-95cb-a2e1184731bd,2026-03-08,카카오,2767406.4399948125
8b73752e-9d4b-4dd9-a770-8828c9bf3dd1,2026-03-08,토스,756971.1289478599
93892593-ce73-48ce-aac4-a7c52ae6f619,2026-03-08,구글,3784620.5290779215
4c648e5f-1eea-4eee-8903-05e66c23c3aa,2026-03-08,메타,3490530.31595485
d4ed5afb-ee10-456f-a903-0cfeed0b6a23,2026-03-08,네이버,1429625.5722565532
bf77a02a-d5ba-4399-97a5-aa15f03550ff,2026-03-08,쿠팡,756971.1289478599
02c45320-26ce-4df8-a171-76fc22913281,2026-03-09,카카오,2853255.895204945
122d36f1-d43d-477b-94e0-dd00bb6c3019,2026-03-09,토스,781023.3068446682
168d163a-ef19-425c-a942-dfebcd359735,2026-03-09,구글,3904963.709043445
0f198d22-62f2-43d6-ac94-3cacc65ee72d,2026-03-09,메타,3645406.2732725837
42e9a8ca-a282-49bd-9b40-8c71faaeb936,2026-03-09,네이버,1431038.5933572073
45c7c976-05de-48fe-bcd0-4347be43d9dd,2026-03-09,쿠팡,781023.3068446682
ffd95d71-c732-4ab0-b368-ecc4afdd91be,2026-03-10,카카오,2926559.7328627817
6b157ac7-7683-4a97-857e-bb3455af6dd9,2026-03-10,토스,801390.163250801
ea163f42-b813-4a51-ba75-f41a8433ddde,2026-03-10,구글,4006851.4798870725
8cecafb8-c03f-4290-b7df-0a8d23d6242c,2026-03-10,메타,3784492.547902698
d1ab20f8-44ed-4897-ac75-c97ba7e135d2,2026-03-10,네이버,1418530.4869277177
3fbb445e-04e5-48a3-a929-8e1576a5c417,2026-03-10,쿠팡,801390.163250801
24a66785-ef11-4286-b0b0-9ba97193f4c4,2026-03-11,카카오,2990918.146180597
b5ca2913-1e6f-4903-9f52-0e916fcc5ad3,2026-03-11,토스,804863.7981507562
b0cb7978-cc54-40ef-95aa-69f9a3597434,2026-03-11,구글,4024254.4221152747
cb9b3f43-bf14-4d48-869c-e97b651893ee,2026-03-11,메타,3768300.01144837
bad2559b-de39-4a5e-98a1-7602832e3d92,2026-03-11,네이버,1369910.907994868
acb61fbc-3313-4f18-9467-0ee5e0aee83c,2026-03-11,쿠팡,804863.7981507562
1095244e-4798-4849-808a-59ca00b14a98,2026-03-12,카카오,2930443.536208982
7e3be171-fa3e-4788-ad0b-16a4d334db45,2026-03-12,토스,788027.5892550618
2af905b0-38ae-44bf-a927-24183dbeeb46,2026-03-12,구글,3940095.97666028
f0cde06f-b6ca-4b1a-9dd3-958b55952af8,2026-03-12,메타,3682255.327887263
c0b41d3d-9050-47e0-8d91-25c5f006fd11,2026-03-12,네이버,1328493.5038655074
b9abd624-d4c7-49e7-869f-1b41acf64a4d,2026-03-12,쿠팡,788027.5892550618
bfe190ac-3442-42e6-958d-b725ef992960,2026-03-13,카카오,2863774.0086996667
c4aa6421-3939-42a4-b251-b1a361e41cc3,2026-03-13,토스,762144.8675397525
3b70f97c-0fd5-4aba-809d-4b451acf81d3,2026-03-13,구글,3810697.0574489934
d22e08e2-8248-44dc-b722-ffa3195c6117,2026-03-13,메타,3573671.929784002
37483d9a-f4ef-4c6b-9612-41f0ccff8ec5,2026-03-13,네이버,1286546.4101397377
ed733f07-a50d-4532-8e59-0f3965c36fd2,2026-03-13,쿠팡,762144.8675397525
cc223a11-dc3d-4fef-8140-bc3209166abe,2026-03-14,카카오,2801487.0715855993
6a2c8326-45ea-4ddf-ab33-cf5fac27e880,2026-03-14,토스,750080.9941301277
58bb88d8-6735-48e3-9c58-6b43851fcc88,2026-03-14,구글,3750387.2384882886
16aa0eb5-6c3e-4247-a15b-623555d92c2d,2026-03-14,메타,3543054.15406017
e0fcf31f-a8a0-46f8-931c-ece86de9b839,2026-03-14,네이버,1279776.7705987042
d2b2c265-1803-4259-8e17-25a51ba621cd,2026-03-14,쿠팡,750080.9941301277
7921f9fb-2fb9-41bd-a432-73d09fec86b2,2026-03-15,카카오,2835753.0399178346
e56447c2-6c04-45ac-8ab8-fe00a8f89754,2026-03-15,토스,761425.527187106
0a6a35eb-1161-4c4d-92be-83d2af995b62,2026-03-15,구글,3807116.110030003
8ecb9312-b420-4e35-a96e-521128c0a3ac,2026-03-15,메타,3556689.0675655487
17459b3d-0940-4ca6-b6b9-2c111e6db909,2026-03-15,네이버,1328068.0123552778
548852ce-9e32-4700-94c7-5552355809a2,2026-03-15,쿠팡,761425.527187106
ef786987-8583-44bf-8f0b-e53d7cfdb8e3,2026-03-16,카카오,2907917.252765659
97abd207-6051-4d0c-94fd-a4436901bf68,2026-03-16,토스,784687.5970459252
85f8ec02-7bc7-4eca-8628-21ec1ce19bd8,2026-03-16,구글,3900096.412732212
99d412f5-2728-435f-816e-c453e39b4278,2026-03-16,메타,3670696.011732026
2c6fcaae-c325-44f1-b575-aa68e17c55d3,2026-03-16,네이버,1411997.4152487384
70d888f3-3521-42b6-802d-40580999fbff,2026-03-16,쿠팡,784687.5970459252
b70f36db-2c00-4e01-ae8a-d7ac4cdfad94,2026-03-17,카카오,2959542.5523832086
d008a62b-dbe8-4e53-86f8-dd9614706b9b,2026-03-17,토스,804130.9310533721
5a61bc46-19be-4e52-a68c-7a2beb2306f4,2026-03-17,구글,3958100.3423422175
fcbbc965-825a-4f7b-8921-7865cf5c569b,2026-03-17,메타,3799890.1715381993
3cb54592-bd45-4db3-8e9b-ec71f26101a2,2026-03-17,네이버,1475403.1593418405
e8545c79-e610-4e63-b53b-d2daab16326c,2026-03-17,쿠팡,804130.9310533721
4c6c85ac-8ebe-4e0f-9002-f5719d27f3f4,2026-03-18,카카오,2880664.3292471664
af27a647-6a68-4d2e-87f7-f3be96021142,2026-03-18,토스,805771.1997798348
bf5b4741-6f4b-49bc-90b0-6a5a8381ef01,2026-03-18,구글,3899107.863139
1525d785-b0be-494d-a51c-dbb026d50480,2026-03-18,메타,3885359.0844755447
62960221-c6f9-4975-a26c-1547355bf6bd,2026-03-18,네이버,1545657.6116545377
268994b5-48ad-4ac3-a2f9-9c153e445834,2026-03-18,쿠팡,805771.1997798348
beb02d81-838e-4c3c-bd6c-76a1cdbd0949,2026-03-19,카카오,2795154.00511271
4e112c14-d27a-453d-a6b2-e318e52a71b6,2026-03-19,토스,788184.0340964017
80349dda-7df3-4398-9c21-4ea185e0e829,2026-03-19,구글,3799461.5745794913
80defe29-fe8f-4a27-9d81-137afbdeb7ef,2026-03-19,메타,3785786.8854387356
3f436b3c-92b2-4844-bcc1-dcb151956040,2026-03-19,네이버,1555764.096369069
0392370e-c092-414e-a624-b4cc2670327f,2026-03-19,쿠팡,788184.0340964017
e7a837f0-5591-45b4-8482-a110bb3638bb,2026-03-20,카카오,2659538.9195535234
f54a3d87-40ac-4a2c-a7d4-f8aac5548231,2026-03-20,토스,765585.6061576796
5555a5b2-43c9-424d-b026-4d1a9c59c62d,2026-03-20,구글,3735979.9434517613
7c2ac3db-cfef-42a1-8909-2651e34f90b3,2026-03-20,메타,3650790.0629236065
6a2c67d6-456d-49c4-9b12-8e778df9c836,2026-03-20,네이버,1532398.0907123112
f4034387-0318-4d0e-a4dc-070283657d0f,2026-03-20,쿠팡,765585.6061576796
98a14472-880d-4fff-8537-0f54d07aeffa,2026-03-21,카카오,2606541.9007455288
ad30092c-4733-42ca-b07f-7af6a9898904,2026-03-21,토스,753657.2936852734
025cf54a-3d94-49c7-b8ca-ba4b23d441f0,2026-03-21,구글,3685959.3965176446
a6cd629a-4b0d-4c79-ac20-f56562deff32,2026-03-21,메타,3616002.9377721217
2819cee2-9268-42ed-ab9a-38b7f084ae97,2026-03-21,네이버,1506465.0330407852
583d7c6b-f0e6-450c-9f80-03476b61ab37,2026-03-21,쿠팡,753657.2936852734
65b15d1c-b6c9-4a7e-b12e-8221309f7616,2026-03-22,카카오,2681129.2648204984
d4b683f3-d77f-48e8-b40e-4be763d88885,2026-03-22,토스,761900.3988427863
eb0afc3a-c9b0-42f2-b00f-9a2ff4d78a4d,2026-03-22,구글,3742011.233871628
332e9acc-3dcf-40ce-aa34-439b6b7a093b,2026-03-22,메타,3605946.092300051
b94666dc-08c8-490e-bdd0-5c07cab37d70,2026-03-22,네이버,1542687.2629900714
0b30633a-e834-43b9-9bc8-2641a16da007,2026-03-22,쿠팡,761900.3988427863
c1f875b0-f09e-4b94-98f5-452e3961be11,2026-03-23,카카오,2757826.1815022896
7087c5b3-d252-4140-b8bf-6318ab578989,2026-03-23,토스,786984.5287747832
b4a285fb-b595-469c-ba2b-f15a5e6767f4,2026-03-23,구글,3891053.6496514194
f12b76e8-37ce-4ba8-b3d9-2d0273084e79,2026-03-23,메타,3661994.97214426
fe382688-ae30-4766-bc0e-38c406e56b4c,2026-03-23,네이버,1618641.5301137092
fe2ec5e9-fd8d-4444-a3e3-4002c5c489e1,2026-03-23,쿠팡,786984.5287747832
5c5cf5ba-b529-4503-a08b-e914f39a290a,2026-03-24,카카오,2897167.5828885
ff2996e7-fee4-4d30-bf51-7d9a4a3fe41c,2026-03-24,토스,813172.994087907
347c9a69-93a0-4a36-80af-4572893b0451,2026-03-24,구글,4037350.1241949126
5d8bcedf-b3c6-4e91-87ea-a8b3510f11df,2026-03-24,메타,3590772.122328723
c5e78cb7-20e0-4abc-8572-5da34cfb50ea,2026-03-24,네이버,1690969.3301300853
da0ed407-9be9-4075-bd88-18bec2219167,2026-03-24,쿠팡,813172.994087907
dfa90a5b-51a0-4990-814b-27f99a379bdf,2026-03-25,카카오,2938254.418236486
894c8d47-c326-470c-9402-60e86a603989,2026-03-25,토스,818638.556479475
f6d3d8d6-afd5-41ab-a89e-fdc619a35e00,2026-03-25,구글,4074658.1323383707
ea5b1393-b1a7-46fa-9645-a51ee6401105,2026-03-25,메타,3525702.0080457283
ee0ca02f-034e-4709-a5c3-298944b797a8,2026-03-25,네이버,1684960.228666739
e882fe84-1040-4281-925c-4807b1ba18fd,2026-03-25,쿠팡,818638.556479475
3bf9806d-8d2d-4ce8-a65c-4ca3ac2c593d,2026-03-26,카카오,2878604.3081381544
281adaae-a6c5-479c-8337-3c55ba64c3c4,2026-03-26,토스,802622.5159340478
34a35b0c-c23c-4b1a-b7de-43431644c278,2026-03-26,구글,4001065.057131886
bc211361-31b4-456b-9703-40e73ead13f5,2026-03-26,메타,3422315.9874423826
edfccec6-7179-4370-865d-87aada091dc9,2026-03-26,네이버,1640178.6368447035
32edd34a-6560-4926-92ee-10899ad4970b,2026-03-26,쿠팡,802622.5159340478
029fb770-966b-470c-8f55-eece54aefda9,2026-03-27,카카오,2801356.6195873567
edc6a74a-6b65-4608-bf6a-7ecfebf94f66,2026-03-27,토스,777722.1511350693
2740c513-dba3-49fe-aa07-199a9d6c594e,2026-03-27,구글,3880779.866025417
6814d732-8f76-4566-b659-f9645a431fd9,2026-03-27,메타,3328332.4575971765
3676cd57-24f4-4b0f-bde2-996c1ea081bc,2026-03-27,네이버,1575078.6069526996
c53266ef-ca0e-48b4-92e3-dda8db9f645e,2026-03-27,쿠팡,777722.1511350693
747d6ddb-336a-4188-b97d-72e0375c5e9a,2026-03-28,카카오,2729614.815347173
9686a349-2f67-489c-8de2-0d38046fb06a,2026-03-28,토스,770478.90803177
4c30ef72-9c29-40ee-8ecf-b8e5c5940969,2026-03-28,구글,3847304.4618863966
0275a3e7-c4bb-4340-a5c7-5436705af54b,2026-03-28,메타,3251792.8593243007
0a253656-6e8f-4059-b67e-81a505eb3f5f,2026-03-28,네이버,1580456.3911725832
4404264c-a16a-4bed-b355-593f44df4806,2026-03-28,쿠팡,770478.90803177
60cb2988-c6f1-4300-a498-27beed1d2b30,2026-03-29,카카오,2691483.4121016255
d30b666e-1bb3-498b-9952-2c7a3b8b2b32,2026-03-29,토스,782083.6433882308
53e76531-984e-430e-9494-2c338b5dc993,2026-03-29,구글,3907109.6660640594
9273400c-283a-45c1-94f2-463d01a24960,2026-03-29,메타,3339495.23871463
5b4da18f-0d7b-47e6-b514-f750db1b81c0,2026-03-29,네이버,1618508.4806687585
ef3875a6-205d-4661-a2fe-1f87cf913ae0,2026-03-29,쿠팡,782083.6433882308
6f94c7fe-3e14-4baa-9f6e-3603fa8724cf,2026-03-30,카카오,2793821.6220610794
7daff0fc-e718-4941-8c3b-c2b80820f41b,2026-03-30,토스,805035.1025136154
4804426b-b0ae-4e1a-9d94-6872e54990c3,2026-03-30,구글,4023024.954497965
6fcc18a0-f4f3-4170-8fc5-ab9412eddf37,2026-03-30,메타,3428392.6500015263
d6230fb2-8bac-4070-9549-477909800b2e,2026-03-30,네이버,1670982.3705819012
d5686658-997e-451c-a7ae-33cf461f283c,2026-03-30,쿠팡,805035.1025136154
96fb721b-e602-4c92-8e0c-13117b02e7b2,2026-03-31,카카오,2842482.4094285276
580cf07e-e313-4387-b1af-fd55521ba269,2026-03-31,토스,820291.4845686071
985ec9e4-317b-4bce-affe-590e48aaea3d,2026-03-31,구글,4100059.5600974625
6b442b3a-2d93-47cd-abed-dd98ec316d16,2026-03-31,메타,3566249.2591956165
012fa593-71a2-4a05-8f38-6f470141d072,2026-03-31,네이버,1713461.8688482265
96ef1775-5c2d-4cf3-8c4d-4e7090c78374,2026-03-31,쿠팡,820291.4845686071
